Sample	Transcript	Valid_translation	Ref_CDS_pos1	Ref_CDS_pos2	Ref_CDS_pos3	CDS_pos1	CDS_pos2	CDS_pos3	Ref_codon	Sample_codon	Ref_AA	Sample_AA	Mutation_type	Variant_type	genome_pos1	genome_pos2	genome_pos3
Chubo-1_H1	Common	True	25	26	27	25	26	27	ata	aca	Ile	Thr	Nonsynonymous	SNP	1024	1025	1026
Chubo-1_H1	Common	True	31	32	33	31	32	33	ccc	tcc	Pro	Ser	Nonsynonymous	SNP	1030	1031	1032
Chubo-1_H1	Common	True	214	215	216	211	212	213	ctg	ttg	Leu	Leu	Synonymous	SNP	1213	1214	1215
Chubo-1_H1	Common	True	322	323	324	319	320	321	gtg	gtc	Val	Val	Synonymous	SNP	1321	1322	1323
Chubo-1_H1	Common	True	400	401	402	397	398	399	cat	cac	His	His	Synonymous	SNP	1399	1400	1401
Chubo-1_H1	Common	True	418	419	420	415	416	417	acg	aca	Thr	Thr	Synonymous	SNP	1417	1418	1419
Chubo-1_H1	Common	True	724	725	726	721	722	723	gct	gcg	Ala	Ala	Synonymous	SNP	16513	16514	16515
Chubo-1_H1	Common	True	871	872	873	868	869	870	gct	gcc	Ala	Ala	Synonymous	SNP	16660	16661	16662
Chubo-1_H1	Common	True	1054	1055	1056	1051	1052	1053	act	aca	Thr	Thr	Synonymous	SNP	16843	16844	16845
Chubo-1_H1	Common	True	1186	1187	1188	1183	1184	1185	caa	cag	Gln	Gln	Synonymous	SNP	17060	17061	17062
Chubo-1_H1	Common	True	1213	1214	1215	1210	1211	1212	ttg	tta	Leu	Leu	Synonymous	SNP	17087	17088	17089
Chubo-1_H1	Common	True	1273	1274	1275	1270	1271	1272	ctt	ctg	Leu	Leu	Synonymous	SNP	17147	17148	17149
Chubo-1_H1	Common	True	1285	1286	1287	1282	1283	1284	gca	gcg	Ala	Ala	Synonymous	SNP	17159	17160	17161
Chubo-1_H1	Common	True	1537	1538	1539	1534	1535	1536	gga	ggt	Gly	Gly	Synonymous	SNP	57672	57673	57674
Chubo-1_H1	Common	True	1576	1577	1578	1573	1574	1575	caa	cag	Gln	Gln	Synonymous	SNP	57711	57712	57713
Chubo-1_H1	Common	True	1996	1997	1998	1993	1994	1995	act	gct	Thr	Ala	Nonsynonymous	SNP	115695	115696	115697
Chubo-1_H1	Common	True	2017	2018	2019	2014	2015	2016	caa	aaa	Gln	Lys	Nonsynonymous	SNP	115716	115717	115718
Chubo-1_H2	Common	True	7	8	9	7	8	9	cgg	cga	Arg	Arg	Synonymous	SNP	1006	1007	1008
Chubo-1_H2	Common	True	31	32	33	31	32	33	ccc	tcc	Pro	Ser	Nonsynonymous	SNP	1030	1031	1032
Chubo-1_H2	Common	True	82	83	84	82	83	84	tct	tat	Ser	Tyr	Nonsynonymous	SNP	1081	1082	1083
Chubo-1_H2	Common	True	322	323	324	322	323	324	gtg	gtc	Val	Val	Synonymous	SNP	1321	1322	1323
Chubo-1_H2	Common	True	418	419	420	418	419	420	acg	aca	Thr	Thr	Synonymous	SNP	1417	1418	1419
Chubo-1_H2	Common	True	724	725	726	724	725	726	gct	gcg	Ala	Ala	Synonymous	SNP	16513	16514	16515
Chubo-1_H2	Common	True	871	872	873	871	872	873	gct	gcc	Ala	Ala	Synonymous	SNP	16660	16661	16662
Chubo-1_H2	Common	True	1054	1055	1056	1054	1055	1056	act	aca	Thr	Thr	Synonymous	SNP	16843	16844	16845
Chubo-1_H2	Common	True	1186	1187	1188	1186	1187	1188	caa	cag	Gln	Gln	Synonymous	SNP	17060	17061	17062
Chubo-1_H2	Common	True	1213	1214	1215	1213	1214	1215	ttg	tta	Leu	Leu	Synonymous	SNP	17087	17088	17089
Chubo-1_H2	Common	True	1273	1274	1275	1273	1274	1275	ctt	ctg	Leu	Leu	Synonymous	SNP	17147	17148	17149
Chubo-1_H2	Common	True	1285	1286	1287	1285	1286	1287	gca	gcg	Ala	Ala	Synonymous	SNP	17159	17160	17161
Chubo-1_H2	Common	True	1537	1538	1539	1537	1538	1539	gga	ggt	Gly	Gly	Synonymous	SNP	57672	57673	57674
Chubo-1_H2	Common	True	1576	1577	1578	1576	1577	1578	caa	cag	Gln	Gln	Synonymous	SNP	57711	57712	57713
Chubo-1_H2	Common	True	1996	1997	1998	1996	1997	1998	act	gct	Thr	Ala	Nonsynonymous	SNP	115695	115696	115697
Chubo-1_H2	Common	True	2017	2018	2019	2017	2018	2019	caa	aaa	Gln	Lys	Nonsynonymous	SNP	115716	115717	115718
Chubo-2_H1	Common	True	25	26	27	25	26	27	ata	aca	Ile	Thr	Nonsynonymous	SNP	1024	1025	1026
Chubo-2_H1	Common	True	31	32	33	31	32	33	ccc	tcc	Pro	Ser	Nonsynonymous	SNP	1030	1031	1032
Chubo-2_H1	Common	True	214	215	216	211	212	213	ctg	ttg	Leu	Leu	Synonymous	SNP	1213	1214	1215
Chubo-2_H1	Common	True	322	323	324	319	320	321	gtg	gtc	Val	Val	Synonymous	SNP	1321	1322	1323
Chubo-2_H1	Common	True	400	401	402	397	398	399	cat	cac	His	His	Synonymous	SNP	1399	1400	1401
Chubo-2_H1	Common	True	418	419	420	415	416	417	acg	aca	Thr	Thr	Synonymous	SNP	1417	1418	1419
Chubo-2_H1	Common	True	484	485	486	481	482	483	ata	atg	Ile	Met	Nonsynonymous	SNP	16195	16196	16197
Chubo-2_H1	Common	True	724	725	726	721	722	723	gct	gca	Ala	Ala	Synonymous	SNP	16513	16514	16515
Chubo-2_H1	Common	True	778	779	780	775	776	777	gtc	ctc	Val	Leu	Nonsynonymous	SNP	16567	16568	16569
Chubo-2_H1	Common	True	871	872	873	868	869	870	gct	gcc	Ala	Ala	Synonymous	SNP	16660	16661	16662
Chubo-2_H1	Common	True	883	884	885	880	881	882	ctg	ctt	Leu	Leu	Synonymous	SNP	16672	16673	16674
Chubo-2_H1	Common	True	1024	1025	1026	1021	1022	1023	ggc	gcc	Gly	Ala	Nonsynonymous	SNP	16813	16814	16815
Chubo-2_H1	Common	True	1054	1055	1056	1051	1052	1053	act	aca	Thr	Thr	Synonymous	SNP	16843	16844	16845
Chubo-2_H1	Common	True	1198	1199	1200	1195	1196	1197	tca	tcg	Ser	Ser	Synonymous	SNP	17072	17073	17074
Chubo-2_H1	Common	True	1213	1214	1215	1210	1211	1212	ttg	tta	Leu	Leu	Synonymous	SNP	17087	17088	17089
Chubo-2_H1	Common	True	1219	1220	1221	1216	1217	1218	ttt	tat	Phe	Tyr	Nonsynonymous	SNP	17093	17094	17095
Chubo-2_H1	Common	True	1273	1274	1275	1270	1271	1272	ctt	ctg	Leu	Leu	Synonymous	SNP	17147	17148	17149
Chubo-2_H1	Common	True	1513	1514	1515	1510	1511	1512	caa	cag	Gln	Gln	Synonymous	SNP	57648	57649	57650
Chubo-2_H1	Common	True	1525	1526	1527	1522	1523	1524	ggc	gga	Gly	Gly	Synonymous	SNP	57660	57661	57662
Chubo-2_H1	Common	True	1537	1538	1539	1534	1535	1536	gga	ggt	Gly	Gly	Synonymous	SNP	57672	57673	57674
Chubo-2_H1	Common	True	1570	1571	1572	1567	1568	1569	tac	tat	Tyr	Tyr	Synonymous	SNP	57705	57706	57707
Chubo-2_H1	Common	True	1576	1577	1578	1573	1574	1575	caa	cag	Gln	Gln	Synonymous	SNP	57711	57712	57713
Chubo-2_H1	Common	True	1996	1997	1998	1993	1994	1995	act	gct	Thr	Ala	Nonsynonymous	SNP	115695	115696	115697
Chubo-2_H2	Common	True	7	8	9	7	8	9	cgg	cga	Arg	Arg	Synonymous	SNP	1006	1007	1008
Chubo-2_H2	Common	True	31	32	33	31	32	33	ccc	tcc	Pro	Ser	Nonsynonymous	SNP	1030	1031	1032
Chubo-2_H2	Common	True	82	83	84	82	83	84	tct	tat	Ser	Tyr	Nonsynonymous	SNP	1081	1082	1083
Chubo-2_H2	Common	True	322	323	324	322	323	324	gtg	gtc	Val	Val	Synonymous	SNP	1321	1322	1323
Chubo-2_H2	Common	True	418	419	420	418	419	420	acg	aca	Thr	Thr	Synonymous	SNP	1417	1418	1419
Chubo-2_H2	Common	True	724	725	726	724	725	726	gct	gcg	Ala	Ala	Synonymous	SNP	16513	16514	16515
Chubo-2_H2	Common	True	871	872	873	871	872	873	gct	gcc	Ala	Ala	Synonymous	SNP	16660	16661	16662
Chubo-2_H2	Common	True	1054	1055	1056	1054	1055	1056	act	aca	Thr	Thr	Synonymous	SNP	16843	16844	16845
Chubo-2_H2	Common	True	1186	1187	1188	1186	1187	1188	caa	cag	Gln	Gln	Synonymous	SNP	17060	17061	17062
Chubo-2_H2	Common	True	1213	1214	1215	1213	1214	1215	ttg	tta	Leu	Leu	Synonymous	SNP	17087	17088	17089
Chubo-2_H2	Common	True	1273	1274	1275	1273	1274	1275	ctt	ctg	Leu	Leu	Synonymous	SNP	17147	17148	17149
Chubo-2_H2	Common	True	1285	1286	1287	1285	1286	1287	gca	gcg	Ala	Ala	Synonymous	SNP	17159	17160	17161
Chubo-2_H2	Common	True	1537	1538	1539	1537	1538	1539	gga	ggt	Gly	Gly	Synonymous	SNP	57672	57673	57674
Chubo-2_H2	Common	True	1576	1577	1578	1576	1577	1578	caa	cag	Gln	Gln	Synonymous	SNP	57711	57712	57713
Chubo-2_H2	Common	True	1996	1997	1998	1996	1997	1998	act	gct	Thr	Ala	Nonsynonymous	SNP	115695	115696	115697
Chubo-2_H2	Common	True	2017	2018	2019	2017	2018	2019	caa	aaa	Gln	Lys	Nonsynonymous	SNP	115716	115717	115718
Chubo-3_H1	Common	True	25	26	27	25	26	27	ata	aca	Ile	Thr	Nonsynonymous	SNP	1024	1025	1026
Chubo-3_H1	Common	True	31	32	33	31	32	33	ccc	tcc	Pro	Ser	Nonsynonymous	SNP	1030	1031	1032
Chubo-3_H1	Common	True	52	53	54	52	53	54	cgg	tgg	Arg	Trp	Nonsynonymous	SNP	1051	1052	1053
Chubo-3_H1	Common	True	82	83	84	82	83	84	tct	tat	Ser	Tyr	Nonsynonymous	SNP	1081	1082	1083
Chubo-3_H1	Common	True	214	215	216	214	215	216	ctg	ttg	Leu	Leu	Synonymous	SNP	1213	1214	1215
Chubo-3_H1	Common	True	322	323	324	322	323	324	gtg	gtc	Val	Val	Synonymous	SNP	1321	1322	1323
Chubo-3_H1	Common	True	418	419	420	418	419	420	acg	aca	Thr	Thr	Synonymous	SNP	1417	1418	1419
Chubo-3_H1	Common	True	484	485	486	484	485	486	ata	atg	Ile	Met	Nonsynonymous	SNP	16195	16196	16197
Chubo-3_H1	Common	True	724	725	726	724	725	726	gct	gca	Ala	Ala	Synonymous	SNP	16513	16514	16515
Chubo-3_H1	Common	True	778	779	780	778	779	780	gtc	ctc	Val	Leu	Nonsynonymous	SNP	16567	16568	16569
Chubo-3_H1	Common	True	871	872	873	871	872	873	gct	gcc	Ala	Ala	Synonymous	SNP	16660	16661	16662
Chubo-3_H1	Common	True	883	884	885	883	884	885	ctg	ctt	Leu	Leu	Synonymous	SNP	16672	16673	16674
Chubo-3_H1	Common	True	1024	1025	1026	1024	1025	1026	ggc	gcc	Gly	Ala	Nonsynonymous	SNP	16813	16814	16815
Chubo-3_H1	Common	True	1054	1055	1056	1054	1055	1056	act	aca	Thr	Thr	Synonymous	SNP	16843	16844	16845
Chubo-3_H1	Common	True	1198	1199	1200	1198	1199	1200	tca	tcg	Ser	Ser	Synonymous	SNP	17072	17073	17074
Chubo-3_H1	Common	True	1213	1214	1215	1213	1214	1215	ttg	tta	Leu	Leu	Synonymous	SNP	17087	17088	17089
Chubo-3_H1	Common	True	1219	1220	1221	1219	1220	1221	ttt	tat	Phe	Tyr	Nonsynonymous	SNP	17093	17094	17095
Chubo-3_H1	Common	True	1273	1274	1275	1273	1274	1275	ctt	ctg	Leu	Leu	Synonymous	SNP	17147	17148	17149
Chubo-3_H1	Common	True	1513	1514	1515	1513	1514	1515	caa	cag	Gln	Gln	Synonymous	SNP	57648	57649	57650
Chubo-3_H1	Common	True	1525	1526	1527	1525	1526	1527	ggc	gga	Gly	Gly	Synonymous	SNP	57660	57661	57662
Chubo-3_H1	Common	True	1537	1538	1539	1537	1538	1539	gga	ggt	Gly	Gly	Synonymous	SNP	57672	57673	57674
Chubo-3_H1	Common	True	1570	1571	1572	1570	1571	1572	tac	tat	Tyr	Tyr	Synonymous	SNP	57705	57706	57707
Chubo-3_H1	Common	True	1576	1577	1578	1576	1577	1578	caa	cag	Gln	Gln	Synonymous	SNP	57711	57712	57713
Chubo-3_H1	Common	True	1996	1997	1998	1996	1997	1998	act	gct	Thr	Ala	Nonsynonymous	SNP	115695	115696	115697
Chubo-3_H2	Common	True	25	26	27	25	26	27	ata	aca	Ile	Thr	Nonsynonymous	SNP	1024	1025	1026
Chubo-3_H2	Common	True	31	32	33	31	32	33	ccc	tcc	Pro	Ser	Nonsynonymous	SNP	1030	1031	1032
Chubo-3_H2	Common	True	82	83	84	79	80	81	tct	tat	Ser	Tyr	Nonsynonymous	SNP	1081	1082	1083
Chubo-3_H2	Common	True	214	215	216	211	212	213	ctg	ttg	Leu	Leu	Synonymous	SNP	1213	1214	1215
Chubo-3_H2	Common	True	322	323	324	319	320	321	gtg	gtc	Val	Val	Synonymous	SNP	1321	1322	1323
Chubo-3_H2	Common	True	418	419	420	415	416	417	acg	aca	Thr	Thr	Synonymous	SNP	1417	1418	1419
Chubo-3_H2	Common	True	724	725	726	721	722	723	gct	gcg	Ala	Ala	Synonymous	SNP	16513	16514	16515
Chubo-3_H2	Common	True	871	872	873	868	869	870	gct	gcc	Ala	Ala	Synonymous	SNP	16660	16661	16662
Chubo-3_H2	Common	True	1054	1055	1056	1051	1052	1053	act	aca	Thr	Thr	Synonymous	SNP	16843	16844	16845
Chubo-3_H2	Common	True	1186	1187	1188	1183	1184	1185	caa	cag	Gln	Gln	Synonymous	SNP	17060	17061	17062
Chubo-3_H2	Common	True	1213	1214	1215	1210	1211	1212	ttg	tta	Leu	Leu	Synonymous	SNP	17087	17088	17089
Chubo-3_H2	Common	True	1273	1274	1275	1270	1271	1272	ctt	ctg	Leu	Leu	Synonymous	SNP	17147	17148	17149
Chubo-3_H2	Common	True	1285	1286	1287	1282	1283	1284	gca	gcg	Ala	Ala	Synonymous	SNP	17159	17160	17161
Chubo-3_H2	Common	True	1537	1538	1539	1534	1535	1536	gga	ggt	Gly	Gly	Synonymous	SNP	57672	57673	57674
Chubo-3_H2	Common	True	1576	1577	1578	1573	1574	1575	caa	cag	Gln	Gln	Synonymous	SNP	57711	57712	57713
Chubo-3_H2	Common	True	1996	1997	1998	1993	1994	1995	act	gct	Thr	Ala	Nonsynonymous	SNP	115695	115696	115697
Chubo-3_H2	Common	True	2017	2018	2019	2014	2015	2016	caa	aaa	Gln	Lys	Nonsynonymous	SNP	115716	115717	115718
Chubo-4_H1	Common	True	7	8	9	7	8	9	cgg	cga	Arg	Arg	Synonymous	SNP	1006	1007	1008
Chubo-4_H1	Common	True	31	32	33	31	32	33	ccc	tcc	Pro	Ser	Nonsynonymous	SNP	1030	1031	1032
Chubo-4_H1	Common	True	82	83	84	82	83	84	tct	tat	Ser	Tyr	Nonsynonymous	SNP	1081	1082	1083
Chubo-4_H1	Common	True	322	323	324	322	323	324	gtg	gtc	Val	Val	Synonymous	SNP	1321	1322	1323
Chubo-4_H1	Common	True	418	419	420	418	419	420	acg	aca	Thr	Thr	Synonymous	SNP	1417	1418	1419
Chubo-4_H1	Common	True	724	725	726	724	725	726	gct	gcg	Ala	Ala	Synonymous	SNP	16513	16514	16515
Chubo-4_H1	Common	True	871	872	873	871	872	873	gct	gcc	Ala	Ala	Synonymous	SNP	16660	16661	16662
Chubo-4_H1	Common	True	1054	1055	1056	1054	1055	1056	act	aca	Thr	Thr	Synonymous	SNP	16843	16844	16845
Chubo-4_H1	Common	True	1186	1187	1188	1186	1187	1188	caa	cag	Gln	Gln	Synonymous	SNP	17060	17061	17062
Chubo-4_H1	Common	True	1213	1214	1215	1213	1214	1215	ttg	tta	Leu	Leu	Synonymous	SNP	17087	17088	17089
Chubo-4_H1	Common	True	1273	1274	1275	1273	1274	1275	ctt	ctg	Leu	Leu	Synonymous	SNP	17147	17148	17149
Chubo-4_H1	Common	True	1285	1286	1287	1285	1286	1287	gca	gcg	Ala	Ala	Synonymous	SNP	17159	17160	17161
Chubo-4_H1	Common	True	1537	1538	1539	1537	1538	1539	gga	ggt	Gly	Gly	Synonymous	SNP	57672	57673	57674
Chubo-4_H1	Common	True	1576	1577	1578	1576	1577	1578	caa	cag	Gln	Gln	Synonymous	SNP	57711	57712	57713
Chubo-4_H1	Common	True	1996	1997	1998	1996	1997	1998	act	gct	Thr	Ala	Nonsynonymous	SNP	115695	115696	115697
Chubo-4_H1	Common	True	2017	2018	2019	2017	2018	2019	caa	aaa	Gln	Lys	Nonsynonymous	SNP	115716	115717	115718
Chubo-4_H2	Common	True	25	26	27	25	26	27	ata	aca	Ile	Thr	Nonsynonymous	SNP	1024	1025	1026
Chubo-4_H2	Common	True	31	32	33	31	32	33	ccc	tcc	Pro	Ser	Nonsynonymous	SNP	1030	1031	1032
Chubo-4_H2	Common	True	214	215	216	211	212	213	ctg	ttg	Leu	Leu	Synonymous	SNP	1213	1214	1215
Chubo-4_H2	Common	True	322	323	324	319	320	321	gtg	gtc	Val	Val	Synonymous	SNP	1321	1322	1323
Chubo-4_H2	Common	True	400	401	402	397	398	399	cat	cac	His	His	Synonymous	SNP	1399	1400	1401
Chubo-4_H2	Common	True	418	419	420	415	416	417	acg	aca	Thr	Thr	Synonymous	SNP	1417	1418	1419
Chubo-4_H2	Common	True	724	725	726	721	722	723	gct	gcg	Ala	Ala	Synonymous	SNP	16513	16514	16515
Chubo-4_H2	Common	True	871	872	873	868	869	870	gct	gcc	Ala	Ala	Synonymous	SNP	16660	16661	16662
Chubo-4_H2	Common	True	1054	1055	1056	1051	1052	1053	act	aca	Thr	Thr	Synonymous	SNP	16843	16844	16845
Chubo-4_H2	Common	True	1186	1187	1188	1183	1184	1185	caa	cag	Gln	Gln	Synonymous	SNP	17060	17061	17062
Chubo-4_H2	Common	True	1213	1214	1215	1210	1211	1212	ttg	tta	Leu	Leu	Synonymous	SNP	17087	17088	17089
Chubo-4_H2	Common	True	1273	1274	1275	1270	1271	1272	ctt	ctg	Leu	Leu	Synonymous	SNP	17147	17148	17149
Chubo-4_H2	Common	True	1285	1286	1287	1282	1283	1284	gca	gcg	Ala	Ala	Synonymous	SNP	17159	17160	17161
Chubo-4_H2	Common	True	1537	1538	1539	1534	1535	1536	gga	ggt	Gly	Gly	Synonymous	SNP	57672	57673	57674
Chubo-4_H2	Common	True	1576	1577	1578	1573	1574	1575	caa	cag	Gln	Gln	Synonymous	SNP	57711	57712	57713
Chubo-4_H2	Common	True	1996	1997	1998	1993	1994	1995	act	gct	Thr	Ala	Nonsynonymous	SNP	115695	115696	115697
Chubo-4_H2	Common	True	2017	2018	2019	2014	2015	2016	caa	aaa	Gln	Lys	Nonsynonymous	SNP	115716	115717	115718
SRS-1_H1	Common	True	31	32	33	31	32	33	ccc	tcc	Pro	Ser	Nonsynonymous	SNP	1030	1031	1032
SRS-1_H1	Common	True	322	323	324	325	326	327	gtg	gtc	Val	Val	Synonymous	SNP	1321	1322	1323
SRS-1_H1	Common	True	418	419	420	421	422	423	acg	aca	Thr	Thr	Synonymous	SNP	1417	1418	1419
SRS-1_H1	Common	True	871	872	873	874	875	876	gct	gcc	Ala	Ala	Synonymous	SNP	16660	16661	16662
SRS-1_H1	Common	True	1054	1055	1056	1057	1058	1059	act	aca	Thr	Thr	Synonymous	SNP	16843	16844	16845
SRS-1_H1	Common	True	1213	1214	1215	1216	1217	1218	ttg	tta	Leu	Leu	Synonymous	SNP	17087	17088	17089
SRS-1_H1	Common	True	1216	1217	1218	1219	1220	1221	agt	agc	Ser	Ser	Synonymous	SNP	17090	17091	17092
SRS-1_H1	Common	True	1273	1274	1275	1276	1277	1278	ctt	ctg	Leu	Leu	Synonymous	SNP	17147	17148	17149
SRS-1_H1	Common	True	1537	1538	1539	1540	1541	1542	gga	ggt	Gly	Gly	Synonymous	SNP	57672	57673	57674
SRS-1_H1	Common	True	1576	1577	1578	1579	1580	1581	caa	cag	Gln	Gln	Synonymous	SNP	57711	57712	57713
SRS-1_H1	Common	True	1600	1601	1602	1603	1604	1605	tca	tcg	Ser	Ser	Synonymous	SNP	57735	57736	57737
SRS-1_H1	Common	True	1996	1997	1998	1999	2000	2001	act	gct	Thr	Ala	Nonsynonymous	SNP	115695	115696	115697
SRS-1_H2	Common	True	31	32	33	31	32	33	ccc	tcc	Pro	Ser	Nonsynonymous	SNP	1030	1031	1032
SRS-1_H2	Common	True	322	323	324	325	326	327	gtg	gtc	Val	Val	Synonymous	SNP	1321	1322	1323
SRS-1_H2	Common	True	418	419	420	421	422	423	acg	aca	Thr	Thr	Synonymous	SNP	1417	1418	1419
SRS-1_H2	Common	True	871	872	873	874	875	876	gct	gcc	Ala	Ala	Synonymous	SNP	16660	16661	16662
SRS-1_H2	Common	True	1054	1055	1056	1057	1058	1059	act	aca	Thr	Thr	Synonymous	SNP	16843	16844	16845
SRS-1_H2	Common	True	1213	1214	1215	1216	1217	1218	ttg	tta	Leu	Leu	Synonymous	SNP	17087	17088	17089
SRS-1_H2	Common	True	1216	1217	1218	1219	1220	1221	agt	agc	Ser	Ser	Synonymous	SNP	17090	17091	17092
SRS-1_H2	Common	True	1273	1274	1275	1276	1277	1278	ctt	ctg	Leu	Leu	Synonymous	SNP	17147	17148	17149
SRS-1_H2	Common	True	1537	1538	1539	1540	1541	1542	gga	ggt	Gly	Gly	Synonymous	SNP	57672	57673	57674
SRS-1_H2	Common	True	1576	1577	1578	1579	1580	1581	caa	cag	Gln	Gln	Synonymous	SNP	57711	57712	57713
SRS-1_H2	Common	True	1600	1601	1602	1603	1604	1605	tca	tcg	Ser	Ser	Synonymous	SNP	57735	57736	57737
SRS-1_H2	Common	True	1996	1997	1998	1999	2000	2001	act	gct	Thr	Ala	Nonsynonymous	SNP	115695	115696	115697
SRS-3_H1	Common	True	31	32	33	31	32	33	ccc	tcc	Pro	Ser	Nonsynonymous	SNP	1030	1031	1032
SRS-3_H1	Common	True	322	323	324	325	326	327	gtg	gtc	Val	Val	Synonymous	SNP	1321	1322	1323
SRS-3_H1	Common	True	418	419	420	421	422	423	acg	aca	Thr	Thr	Synonymous	SNP	1417	1418	1419
SRS-3_H1	Common	True	871	872	873	874	875	876	gct	gcc	Ala	Ala	Synonymous	SNP	16660	16661	16662
SRS-3_H1	Common	True	1054	1055	1056	1057	1058	1059	act	aca	Thr	Thr	Synonymous	SNP	16843	16844	16845
SRS-3_H1	Common	True	1213	1214	1215	1216	1217	1218	ttg	tta	Leu	Leu	Synonymous	SNP	17087	17088	17089
SRS-3_H1	Common	True	1216	1217	1218	1219	1220	1221	agt	agc	Ser	Ser	Synonymous	SNP	17090	17091	17092
SRS-3_H1	Common	True	1273	1274	1275	1276	1277	1278	ctt	ctg	Leu	Leu	Synonymous	SNP	17147	17148	17149
SRS-3_H1	Common	True	1537	1538	1539	1540	1541	1542	gga	ggt	Gly	Gly	Synonymous	SNP	57672	57673	57674
SRS-3_H1	Common	True	1576	1577	1578	1579	1580	1581	caa	cag	Gln	Gln	Synonymous	SNP	57711	57712	57713
SRS-3_H1	Common	True	1600	1601	1602	1603	1604	1605	tca	tcg	Ser	Ser	Synonymous	SNP	57735	57736	57737
SRS-3_H1	Common	True	1996	1997	1998	1999	2000	2001	act	gct	Thr	Ala	Nonsynonymous	SNP	115695	115696	115697
SRS-4_H1	Common	True	31	32	33	31	32	33	ccc	tcc	Pro	Ser	Nonsynonymous	SNP	1030	1031	1032
SRS-4_H1	Common	True	322	323	324	325	326	327	gtg	gtc	Val	Val	Synonymous	SNP	1321	1322	1323
SRS-4_H1	Common	True	418	419	420	421	422	423	acg	aca	Thr	Thr	Synonymous	SNP	1417	1418	1419
SRS-4_H1	Common	True	871	872	873	874	875	876	gct	gcc	Ala	Ala	Synonymous	SNP	16660	16661	16662
SRS-4_H1	Common	True	1054	1055	1056	1057	1058	1059	act	aca	Thr	Thr	Synonymous	SNP	16843	16844	16845
SRS-4_H1	Common	True	1213	1214	1215	1216	1217	1218	ttg	tta	Leu	Leu	Synonymous	SNP	17087	17088	17089
SRS-4_H1	Common	True	1216	1217	1218	1219	1220	1221	agt	agc	Ser	Ser	Synonymous	SNP	17090	17091	17092
SRS-4_H1	Common	True	1273	1274	1275	1276	1277	1278	ctt	ctg	Leu	Leu	Synonymous	SNP	17147	17148	17149
SRS-4_H1	Common	True	1537	1538	1539	1540	1541	1542	gga	ggt	Gly	Gly	Synonymous	SNP	57672	57673	57674
SRS-4_H1	Common	True	1576	1577	1578	1579	1580	1581	caa	cag	Gln	Gln	Synonymous	SNP	57711	57712	57713
SRS-4_H1	Common	True	1600	1601	1602	1603	1604	1605	tca	tcg	Ser	Ser	Synonymous	SNP	57735	57736	57737
SRS-4_H1	Common	True	1996	1997	1998	1999	2000	2001	act	gct	Thr	Ala	Nonsynonymous	SNP	115695	115696	115697
SRS-4_H2	Common	True	31	32	33	31	32	33	ccc	tcc	Pro	Ser	Nonsynonymous	SNP	1030	1031	1032
SRS-4_H2	Common	True	322	323	324	325	326	327	gtg	gtc	Val	Val	Synonymous	SNP	1321	1322	1323
SRS-4_H2	Common	True	418	419	420	421	422	423	acg	aca	Thr	Thr	Synonymous	SNP	1417	1418	1419
SRS-4_H2	Common	True	871	872	873	874	875	876	gct	gcc	Ala	Ala	Synonymous	SNP	16660	16661	16662
SRS-4_H2	Common	True	1054	1055	1056	1057	1058	1059	act	aca	Thr	Thr	Synonymous	SNP	16843	16844	16845
SRS-4_H2	Common	True	1213	1214	1215	1216	1217	1218	ttg	tta	Leu	Leu	Synonymous	SNP	17087	17088	17089
SRS-4_H2	Common	True	1216	1217	1218	1219	1220	1221	agt	agc	Ser	Ser	Synonymous	SNP	17090	17091	17092
SRS-4_H2	Common	True	1273	1274	1275	1276	1277	1278	ctt	ctg	Leu	Leu	Synonymous	SNP	17147	17148	17149
SRS-4_H2	Common	True	1537	1538	1539	1540	1541	1542	gga	ggt	Gly	Gly	Synonymous	SNP	57672	57673	57674
SRS-4_H2	Common	True	1576	1577	1578	1579	1580	1581	caa	cag	Gln	Gln	Synonymous	SNP	57711	57712	57713
SRS-4_H2	Common	True	1600	1601	1602	1603	1604	1605	tca	tcg	Ser	Ser	Synonymous	SNP	57735	57736	57737
SRS-4_H2	Common	True	1996	1997	1998	1999	2000	2001	act	gct	Thr	Ala	Nonsynonymous	SNP	115695	115696	115697
Takatsuki-1_H1	Common	True	31	32	33	31	32	33	ccc	tcc	Pro	Ser	Nonsynonymous	SNP	1030	1031	1032
Takatsuki-1_H1	Common	True	322	323	324	325	326	327	gtg	gtc	Val	Val	Synonymous	SNP	1321	1322	1323
Takatsuki-1_H1	Common	True	415	416	417	418	419	420	gca	gct	Ala	Ala	Synonymous	SNP	1414	1415	1416
Takatsuki-1_H1	Common	True	418	419	420	421	422	423	acg	aca	Thr	Thr	Synonymous	SNP	1417	1418	1419
Takatsuki-1_H1	Common	True	640	641	642	643	644	645	aac	aat	Asn	Asn	Synonymous	SNP	16429	16430	16431
Takatsuki-1_H1	Common	True	871	872	873	874	875	876	gct	gcc	Ala	Ala	Synonymous	SNP	16660	16661	16662
Takatsuki-1_H1	Common	True	883	884	885	886	887	888	ctg	ctt	Leu	Leu	Synonymous	SNP	16672	16673	16674
Takatsuki-1_H1	Common	True	991	992	993	994	995	996	cgt	cgg	Arg	Arg	Synonymous	SNP	16780	16781	16782
Takatsuki-1_H1	Common	True	1054	1055	1056	1057	1058	1059	act	aca	Thr	Thr	Synonymous	SNP	16843	16844	16845
Takatsuki-1_H1	Common	True	1132	1133	1134	1135	1136	1137	cca	ccc	Pro	Pro	Synonymous	SNP	17006	17007	17008
Takatsuki-1_H1	Common	True	1213	1214	1215	1216	1217	1218	ttg	tta	Leu	Leu	Synonymous	SNP	17087	17088	17089
Takatsuki-1_H1	Common	True	1273	1274	1275	1276	1277	1278	ctt	ctg	Leu	Leu	Synonymous	SNP	17147	17148	17149
Takatsuki-1_H1	Common	True	1450	1451	1452	1453	1454	1455	gca	gcg	Ala	Ala	Synonymous	SNP	38161	38162	38163
Takatsuki-1_H1	Common	True	1537	1538	1539	1540	1541	1542	gga	ggt	Gly	Gly	Synonymous	SNP	57672	57673	57674
Takatsuki-1_H1	Common	True	1576	1577	1578	1579	1580	1581	caa	cag	Gln	Gln	Synonymous	SNP	57711	57712	57713
Takatsuki-1_H1	Common	True	1618	1619	1620	1621	1622	1623	ttc	ttt	Phe	Phe	Synonymous	SNP	57753	57754	57755
Takatsuki-1_H1	Common	True	1846	1847	1848	1849	1850	1851	tac	tat	Tyr	Tyr	Synonymous	SNP	78019	78020	78021
Takatsuki-1_H1	Common	True	1996	1997	1998	1999	2000	2001	act	gct	Thr	Ala	Nonsynonymous	SNP	115695	115696	115697
Takatsuki-1_H1	Common	True	2029	2030	2031	2032	2033	2034	ttg	gtg	Leu	Val	Nonsynonymous	SNP	115728	115729	115730
Takatsuki-1_H2	Common	True	31	32	33	31	32	33	ccc	tcc	Pro	Ser	Nonsynonymous	SNP	1030	1031	1032
Takatsuki-1_H2	Common	True	67	68	69	67	68	69	tcg	ccg	Ser	Pro	Nonsynonymous	SNP	1066	1067	1068
Takatsuki-1_H2	Common	True	70	71	72	70	71	72	ccg	tcg	Pro	Ser	Nonsynonymous	SNP	1069	1070	1071
Takatsuki-1_H2	Common	True	79	80	81	79	80	81	tcg	ttg	Ser	Leu	Nonsynonymous	SNP	1078	1079	1080
Takatsuki-1_H2	Common	True	322	323	324	322	323	324	gtg	gtc	Val	Val	Synonymous	SNP	1321	1322	1323
Takatsuki-1_H2	Common	True	415	416	417	415	416	417	gca	gct	Ala	Ala	Synonymous	SNP	1414	1415	1416
Takatsuki-1_H2	Common	True	418	419	420	418	419	420	acg	aca	Thr	Thr	Synonymous	SNP	1417	1418	1419
Takatsuki-1_H2	Common	True	640	641	642	640	641	642	aac	aat	Asn	Asn	Synonymous	SNP	16429	16430	16431
Takatsuki-1_H2	Common	True	871	872	873	871	872	873	gct	gcc	Ala	Ala	Synonymous	SNP	16660	16661	16662
Takatsuki-1_H2	Common	True	883	884	885	883	884	885	ctg	ctt	Leu	Leu	Synonymous	SNP	16672	16673	16674
Takatsuki-1_H2	Common	True	991	992	993	991	992	993	cgt	cgg	Arg	Arg	Synonymous	SNP	16780	16781	16782
Takatsuki-1_H2	Common	True	1054	1055	1056	1054	1055	1056	act	aca	Thr	Thr	Synonymous	SNP	16843	16844	16845
Takatsuki-1_H2	Common	True	1132	1133	1134	1132	1133	1134	cca	ccc	Pro	Pro	Synonymous	SNP	17006	17007	17008
Takatsuki-1_H2	Common	True	1213	1214	1215	1213	1214	1215	ttg	tta	Leu	Leu	Synonymous	SNP	17087	17088	17089
Takatsuki-1_H2	Common	True	1273	1274	1275	1273	1274	1275	ctt	ctg	Leu	Leu	Synonymous	SNP	17147	17148	17149
Takatsuki-1_H2	Common	True	1450	1451	1452	1450	1451	1452	gca	gcg	Ala	Ala	Synonymous	SNP	38161	38162	38163
Takatsuki-1_H2	Common	True	1537	1538	1539	1537	1538	1539	gga	ggt	Gly	Gly	Synonymous	SNP	57672	57673	57674
Takatsuki-1_H2	Common	True	1576	1577	1578	1576	1577	1578	caa	cag	Gln	Gln	Synonymous	SNP	57711	57712	57713
Takatsuki-1_H2	Common	True	1618	1619	1620	1618	1619	1620	ttc	ttt	Phe	Phe	Synonymous	SNP	57753	57754	57755
Takatsuki-1_H2	Common	True	1846	1847	1848	1846	1847	1848	tac	tat	Tyr	Tyr	Synonymous	SNP	78019	78020	78021
Takatsuki-1_H2	Common	True	1996	1997	1998	1996	1997	1998	act	gct	Thr	Ala	Nonsynonymous	SNP	115695	115696	115697
Takatsuki-1_H2	Common	True	2029	2030	2031	2029	2030	2031	ttg	gtg	Leu	Val	Nonsynonymous	SNP	115728	115729	115730
Takatsuki-2_H1	Common	True	31	32	33	31	32	33	ccc	tcc	Pro	Ser	Nonsynonymous	SNP	1030	1031	1032
Takatsuki-2_H1	Common	True	67	68	69	67	68	69	tcg	ccg	Ser	Pro	Nonsynonymous	SNP	1066	1067	1068
Takatsuki-2_H1	Common	True	214	215	216	214	215	216	ctg	ttg	Leu	Leu	Synonymous	SNP	1213	1214	1215
Takatsuki-2_H1	Common	True	322	323	324	322	323	324	gtg	gtc	Val	Val	Synonymous	SNP	1321	1322	1323
Takatsuki-2_H1	Common	True	418	419	420	418	419	420	acg	aca	Thr	Thr	Synonymous	SNP	1417	1418	1419
Takatsuki-2_H1	Common	True	484	485	486	484	485	486	ata	atg	Ile	Met	Nonsynonymous	SNP	16195	16196	16197
Takatsuki-2_H1	Common	True	724	725	726	724	725	726	gct	gca	Ala	Ala	Synonymous	SNP	16513	16514	16515
Takatsuki-2_H1	Common	True	778	779	780	778	779	780	gtc	ctc	Val	Leu	Nonsynonymous	SNP	16567	16568	16569
Takatsuki-2_H1	Common	True	871	872	873	871	872	873	gct	gcc	Ala	Ala	Synonymous	SNP	16660	16661	16662
Takatsuki-2_H1	Common	True	883	884	885	883	884	885	ctg	ctt	Leu	Leu	Synonymous	SNP	16672	16673	16674
Takatsuki-2_H1	Common	True	1024	1025	1026	1024	1025	1026	ggc	gcc	Gly	Ala	Nonsynonymous	SNP	16813	16814	16815
Takatsuki-2_H1	Common	True	1054	1055	1056	1054	1055	1056	act	aca	Thr	Thr	Synonymous	SNP	16843	16844	16845
Takatsuki-2_H1	Common	True	1198	1199	1200	1198	1199	1200	tca	tcg	Ser	Ser	Synonymous	SNP	17072	17073	17074
Takatsuki-2_H1	Common	True	1213	1214	1215	1213	1214	1215	ttg	tta	Leu	Leu	Synonymous	SNP	17087	17088	17089
Takatsuki-2_H1	Common	True	1219	1220	1221	1219	1220	1221	ttt	tat	Phe	Tyr	Nonsynonymous	SNP	17093	17094	17095
Takatsuki-2_H1	Common	True	1273	1274	1275	1273	1274	1275	ctt	ctg	Leu	Leu	Synonymous	SNP	17147	17148	17149
Takatsuki-2_H1	Common	True	1513	1514	1515	1513	1514	1515	caa	cag	Gln	Gln	Synonymous	SNP	57648	57649	57650
Takatsuki-2_H1	Common	True	1525	1526	1527	1525	1526	1527	ggc	gga	Gly	Gly	Synonymous	SNP	57660	57661	57662
Takatsuki-2_H1	Common	True	1537	1538	1539	1537	1538	1539	gga	ggt	Gly	Gly	Synonymous	SNP	57672	57673	57674
Takatsuki-2_H1	Common	True	1570	1571	1572	1570	1571	1572	tac	tat	Tyr	Tyr	Synonymous	SNP	57705	57706	57707
Takatsuki-2_H1	Common	True	1576	1577	1578	1576	1577	1578	caa	cag	Gln	Gln	Synonymous	SNP	57711	57712	57713
Takatsuki-2_H1	Common	True	1996	1997	1998	1996	1997	1998	act	gct	Thr	Ala	Nonsynonymous	SNP	115695	115696	115697
Takatsuki-2_H2	Common	True	25	26	27	25	26	27	ata	aca	Ile	Thr	Nonsynonymous	SNP	1024	1025	1026
Takatsuki-2_H2	Common	True	31	32	33	31	32	33	ccc	tcc	Pro	Ser	Nonsynonymous	SNP	1030	1031	1032
Takatsuki-2_H2	Common	True	82	83	84	79	80	81	tct	tat	Ser	Tyr	Nonsynonymous	SNP	1081	1082	1083
Takatsuki-2_H2	Common	True	322	323	324	319	320	321	gtg	gtc	Val	Val	Synonymous	SNP	1321	1322	1323
Takatsuki-2_H2	Common	True	484	485	486	481	482	483	ata	atg	Ile	Met	Nonsynonymous	SNP	16195	16196	16197
Takatsuki-2_H2	Common	True	724	725	726	721	722	723	gct	gca	Ala	Ala	Synonymous	SNP	16513	16514	16515
Takatsuki-2_H2	Common	True	850	851	852	847	848	849	ggc	ggt	Gly	Gly	Synonymous	SNP	16639	16640	16641
Takatsuki-2_H2	Common	True	871	872	873	868	869	870	gct	gcc	Ala	Ala	Synonymous	SNP	16660	16661	16662
Takatsuki-2_H2	Common	True	1024	1025	1026	1021	1022	1023	ggc	gtc	Gly	Val	Nonsynonymous	SNP	16813	16814	16815
Takatsuki-2_H2	Common	True	1054	1055	1056	1051	1052	1053	act	aca	Thr	Thr	Synonymous	SNP	16843	16844	16845
Takatsuki-2_H2	Common	True	1213	1214	1215	1210	1211	1212	ttg	tta	Leu	Leu	Synonymous	SNP	17087	17088	17089
Takatsuki-2_H2	Common	True	1219	1220	1221	1216	1217	1218	ttt	tat	Phe	Tyr	Nonsynonymous	SNP	17093	17094	17095
Takatsuki-2_H2	Common	True	1273	1274	1275	1270	1271	1272	ctt	ctg	Leu	Leu	Synonymous	SNP	17147	17148	17149
Takatsuki-2_H2	Common	True	1537	1538	1539	1534	1535	1536	gga	ggt	Gly	Gly	Synonymous	SNP	57672	57673	57674
Takatsuki-2_H2	Common	True	1576	1577	1578	1573	1574	1575	caa	cag	Gln	Gln	Synonymous	SNP	57711	57712	57713
Takatsuki-2_H2	Common	True	1627	1628	1629	1624	1625	1626	cgc	cgt	Arg	Arg	Synonymous	SNP	75644	75645	75646
Takatsuki-2_H2	Common	True	1996	1997	1998	1993	1994	1995	act	gct	Thr	Ala	Nonsynonymous	SNP	115695	115696	115697
Takatsuki-3_H1	Common	True	31	32	33	31	32	33	ccc	tcc	Pro	Ser	Nonsynonymous	SNP	1030	1031	1032
Takatsuki-3_H1	Common	True	67	68	69	67	68	69	tcg	ccg	Ser	Pro	Nonsynonymous	SNP	1066	1067	1068
Takatsuki-3_H1	Common	True	214	215	216	214	215	216	ctg	ttg	Leu	Leu	Synonymous	SNP	1213	1214	1215
Takatsuki-3_H1	Common	True	322	323	324	322	323	324	gtg	gtc	Val	Val	Synonymous	SNP	1321	1322	1323
Takatsuki-3_H1	Common	True	418	419	420	418	419	420	acg	aca	Thr	Thr	Synonymous	SNP	1417	1418	1419
Takatsuki-3_H1	Common	True	778	779	780	778	779	780	gtc	ctc	Val	Leu	Nonsynonymous	SNP	16567	16568	16569
Takatsuki-3_H1	Common	True	871	872	873	871	872	873	gct	gcc	Ala	Ala	Synonymous	SNP	16660	16661	16662
Takatsuki-3_H1	Common	True	883	884	885	883	884	885	ctg	ctt	Leu	Leu	Synonymous	SNP	16672	16673	16674
Takatsuki-3_H1	Common	True	991	992	993	991	992	993	cgt	cgg	Arg	Arg	Synonymous	SNP	16780	16781	16782
Takatsuki-3_H1	Common	True	1054	1055	1056	1054	1055	1056	act	aca	Thr	Thr	Synonymous	SNP	16843	16844	16845
Takatsuki-3_H1	Common	True	1213	1214	1215	1213	1214	1215	ttg	tta	Leu	Leu	Synonymous	SNP	17087	17088	17089
Takatsuki-3_H1	Common	True	1219	1220	1221	1219	1220	1221	ttt	tat	Phe	Tyr	Nonsynonymous	SNP	17093	17094	17095
Takatsuki-3_H1	Common	True	1273	1274	1275	1273	1274	1275	ctt	ctg	Leu	Leu	Synonymous	SNP	17147	17148	17149
Takatsuki-3_H1	Common	True	1513	1514	1515	1513	1514	1515	caa	cag	Gln	Gln	Synonymous	SNP	57648	57649	57650
Takatsuki-3_H1	Common	True	1525	1526	1527	1525	1526	1527	ggc	gga	Gly	Gly	Synonymous	SNP	57660	57661	57662
Takatsuki-3_H1	Common	True	1537	1538	1539	1537	1538	1539	gga	ggt	Gly	Gly	Synonymous	SNP	57672	57673	57674
Takatsuki-3_H1	Common	True	1570	1571	1572	1570	1571	1572	tac	tat	Tyr	Tyr	Synonymous	SNP	57705	57706	57707
Takatsuki-3_H1	Common	True	1576	1577	1578	1576	1577	1578	caa	cag	Gln	Gln	Synonymous	SNP	57711	57712	57713
Takatsuki-3_H1	Common	True	1627	1628	1629	1627	1628	1629	cgc	cgt	Arg	Arg	Synonymous	SNP	75644	75645	75646
Takatsuki-3_H1	Common	True	1996	1997	1998	1996	1997	1998	act	gct	Thr	Ala	Nonsynonymous	SNP	115695	115696	115697
Takatsuki-3_H2	Common	True	25	26	27	25	26	27	ata	aca	Ile	Thr	Nonsynonymous	SNP	1024	1025	1026
Takatsuki-3_H2	Common	True	31	32	33	31	32	33	ccc	tcc	Pro	Ser	Nonsynonymous	SNP	1030	1031	1032
Takatsuki-3_H2	Common	True	82	83	84	79	80	81	tct	tat	Ser	Tyr	Nonsynonymous	SNP	1081	1082	1083
Takatsuki-3_H2	Common	True	322	323	324	319	320	321	gtg	gtc	Val	Val	Synonymous	SNP	1321	1322	1323
Takatsuki-3_H2	Common	True	484	485	486	481	482	483	ata	atg	Ile	Met	Nonsynonymous	SNP	16195	16196	16197
Takatsuki-3_H2	Common	True	640	641	642	637	638	639	aac	aat	Asn	Asn	Synonymous	SNP	16429	16430	16431
Takatsuki-3_H2	Common	True	724	725	726	721	722	723	gct	gca	Ala	Ala	Synonymous	SNP	16513	16514	16515
Takatsuki-3_H2	Common	True	850	851	852	847	848	849	ggc	ggt	Gly	Gly	Synonymous	SNP	16639	16640	16641
Takatsuki-3_H2	Common	True	871	872	873	868	869	870	gct	gcc	Ala	Ala	Synonymous	SNP	16660	16661	16662
Takatsuki-3_H2	Common	True	1024	1025	1026	1021	1022	1023	ggc	gtc	Gly	Val	Nonsynonymous	SNP	16813	16814	16815
Takatsuki-3_H2	Common	True	1054	1055	1056	1051	1052	1053	act	aca	Thr	Thr	Synonymous	SNP	16843	16844	16845
Takatsuki-3_H2	Common	True	1132	1133	1134	1129	1130	1131	cca	ccc	Pro	Pro	Synonymous	SNP	17006	17007	17008
Takatsuki-3_H2	Common	True	1198	1199	1200	1195	1196	1197	tca	tcg	Ser	Ser	Synonymous	SNP	17072	17073	17074
Takatsuki-3_H2	Common	True	1213	1214	1215	1210	1211	1212	ttg	tta	Leu	Leu	Synonymous	SNP	17087	17088	17089
Takatsuki-3_H2	Common	True	1273	1274	1275	1270	1271	1272	ctt	ctg	Leu	Leu	Synonymous	SNP	17147	17148	17149
Takatsuki-3_H2	Common	True	1537	1538	1539	1534	1535	1536	gga	ggt	Gly	Gly	Synonymous	SNP	57672	57673	57674
Takatsuki-3_H2	Common	True	1576	1577	1578	1573	1574	1575	caa	cag	Gln	Gln	Synonymous	SNP	57711	57712	57713
Takatsuki-3_H2	Common	True	1996	1997	1998	1993	1994	1995	act	gct	Thr	Ala	Nonsynonymous	SNP	115695	115696	115697
Takatsuki-3_H2	Common	True	2029	2030	2031	2026	2027	2028	ttg	gtg	Leu	Val	Nonsynonymous	SNP	115728	115729	115730
Takatsuki-4_H1	Common	True	31	32	33	31	32	33	ccc	tcc	Pro	Ser	Nonsynonymous	SNP	1030	1031	1032
Takatsuki-4_H1	Common	True	322	323	324	325	326	327	gtg	gtc	Val	Val	Synonymous	SNP	1321	1322	1323
Takatsuki-4_H1	Common	True	415	416	417	418	419	420	gca	gct	Ala	Ala	Synonymous	SNP	1414	1415	1416
Takatsuki-4_H1	Common	True	418	419	420	421	422	423	acg	aca	Thr	Thr	Synonymous	SNP	1417	1418	1419
Takatsuki-4_H1	Common	True	640	641	642	643	644	645	aac	aat	Asn	Asn	Synonymous	SNP	16429	16430	16431
Takatsuki-4_H1	Common	True	871	872	873	874	875	876	gct	gcc	Ala	Ala	Synonymous	SNP	16660	16661	16662
Takatsuki-4_H1	Common	True	883	884	885	886	887	888	ctg	ctt	Leu	Leu	Synonymous	SNP	16672	16673	16674
Takatsuki-4_H1	Common	True	991	992	993	994	995	996	cgt	cgg	Arg	Arg	Synonymous	SNP	16780	16781	16782
Takatsuki-4_H1	Common	True	1054	1055	1056	1057	1058	1059	act	aca	Thr	Thr	Synonymous	SNP	16843	16844	16845
Takatsuki-4_H1	Common	True	1132	1133	1134	1135	1136	1137	cca	ccc	Pro	Pro	Synonymous	SNP	17006	17007	17008
Takatsuki-4_H1	Common	True	1213	1214	1215	1216	1217	1218	ttg	tta	Leu	Leu	Synonymous	SNP	17087	17088	17089
Takatsuki-4_H1	Common	True	1273	1274	1275	1276	1277	1278	ctt	ctg	Leu	Leu	Synonymous	SNP	17147	17148	17149
Takatsuki-4_H1	Common	True	1537	1538	1539	1540	1541	1542	gga	ggt	Gly	Gly	Synonymous	SNP	57672	57673	57674
Takatsuki-4_H1	Common	True	1576	1577	1578	1579	1580	1581	caa	cag	Gln	Gln	Synonymous	SNP	57711	57712	57713
Takatsuki-4_H1	Common	True	1996	1997	1998	1999	2000	2001	act	gct	Thr	Ala	Nonsynonymous	SNP	115695	115696	115697
Takatsuki-4_H1	Common	True	2029	2030	2031	2032	2033	2034	ttg	gtg	Leu	Val	Nonsynonymous	SNP	115728	115729	115730
Takatsuki-4_H2	Common	True	31	32	33	31	32	33	ccc	tcc	Pro	Ser	Nonsynonymous	SNP	1030	1031	1032
Takatsuki-4_H2	Common	True	322	323	324	325	326	327	gtg	gtc	Val	Val	Synonymous	SNP	1321	1322	1323
Takatsuki-4_H2	Common	True	415	416	417	418	419	420	gca	gct	Ala	Ala	Synonymous	SNP	1414	1415	1416
Takatsuki-4_H2	Common	True	418	419	420	421	422	423	acg	aca	Thr	Thr	Synonymous	SNP	1417	1418	1419
Takatsuki-4_H2	Common	True	640	641	642	643	644	645	aac	aat	Asn	Asn	Synonymous	SNP	16429	16430	16431
Takatsuki-4_H2	Common	True	871	872	873	874	875	876	gct	gcc	Ala	Ala	Synonymous	SNP	16660	16661	16662
Takatsuki-4_H2	Common	True	883	884	885	886	887	888	ctg	ctt	Leu	Leu	Synonymous	SNP	16672	16673	16674
Takatsuki-4_H2	Common	True	991	992	993	994	995	996	cgt	cgg	Arg	Arg	Synonymous	SNP	16780	16781	16782
Takatsuki-4_H2	Common	True	1054	1055	1056	1057	1058	1059	act	aca	Thr	Thr	Synonymous	SNP	16843	16844	16845
Takatsuki-4_H2	Common	True	1132	1133	1134	1135	1136	1137	cca	ccc	Pro	Pro	Synonymous	SNP	17006	17007	17008
Takatsuki-4_H2	Common	True	1213	1214	1215	1216	1217	1218	ttg	tta	Leu	Leu	Synonymous	SNP	17087	17088	17089
Takatsuki-4_H2	Common	True	1273	1274	1275	1276	1277	1278	ctt	ctg	Leu	Leu	Synonymous	SNP	17147	17148	17149
Takatsuki-4_H2	Common	True	1450	1451	1452	1453	1454	1455	gca	gcg	Ala	Ala	Synonymous	SNP	38161	38162	38163
Takatsuki-4_H2	Common	True	1537	1538	1539	1540	1541	1542	gga	ggt	Gly	Gly	Synonymous	SNP	57672	57673	57674
Takatsuki-4_H2	Common	True	1576	1577	1578	1579	1580	1581	caa	cag	Gln	Gln	Synonymous	SNP	57711	57712	57713
Takatsuki-4_H2	Common	True	1618	1619	1620	1621	1622	1623	ttc	ttt	Phe	Phe	Synonymous	SNP	57753	57754	57755
Takatsuki-4_H2	Common	True	1846	1847	1848	1849	1850	1851	tac	tat	Tyr	Tyr	Synonymous	SNP	78019	78020	78021
Takatsuki-4_H2	Common	True	1996	1997	1998	1999	2000	2001	act	gct	Thr	Ala	Nonsynonymous	SNP	115695	115696	115697
Takatsuki-4_H2	Common	True	2029	2030	2031	2032	2033	2034	ttg	gtg	Leu	Val	Nonsynonymous	SNP	115728	115729	115730
TypeD-1_H1	Common	True	724	725	726	721	722	723	gct	gca	Ala	Ala	Synonymous	SNP	16513	16514	16515
TypeD-1_H1	Common	True	871	872	873	868	869	870	gct	gcc	Ala	Ala	Synonymous	SNP	16660	16661	16662
TypeD-1_H1	Common	True	1525	1526	1527	1522	1523	1524	ggc	ggt	Gly	Gly	Synonymous	SNP	57660	57661	57662
TypeD-1_H1	Common	True	1537	1538	1539	1534	1535	1536	gga	ggt	Gly	Gly	Synonymous	SNP	57672	57673	57674
TypeD-1_H1	Common	True	1576	1577	1578	1573	1574	1575	caa	cag	Gln	Gln	Synonymous	SNP	57711	57712	57713
TypeD-3_H1	Common	True	724	725	726	721	722	723	gct	gca	Ala	Ala	Synonymous	SNP	16513	16514	16515
TypeD-3_H1	Common	True	871	872	873	868	869	870	gct	gcc	Ala	Ala	Synonymous	SNP	16660	16661	16662
TypeD-3_H1	Common	True	1525	1526	1527	1522	1523	1524	ggc	ggt	Gly	Gly	Synonymous	SNP	57660	57661	57662
TypeD-3_H1	Common	True	1537	1538	1539	1534	1535	1536	gga	ggt	Gly	Gly	Synonymous	SNP	57672	57673	57674
TypeD-3_H1	Common	True	1576	1577	1578	1573	1574	1575	caa	cag	Gln	Gln	Synonymous	SNP	57711	57712	57713
TypeD-3_H2	Common	True	724	725	726	721	722	723	gct	gca	Ala	Ala	Synonymous	SNP	16513	16514	16515
TypeD-3_H2	Common	True	871	872	873	868	869	870	gct	gcc	Ala	Ala	Synonymous	SNP	16660	16661	16662
TypeD-3_H2	Common	True	1525	1526	1527	1522	1523	1524	ggc	ggt	Gly	Gly	Synonymous	SNP	57660	57661	57662
TypeD-3_H2	Common	True	1537	1538	1539	1534	1535	1536	gga	ggt	Gly	Gly	Synonymous	SNP	57672	57673	57674
TypeD-3_H2	Common	True	1576	1577	1578	1573	1574	1575	caa	cag	Gln	Gln	Synonymous	SNP	57711	57712	57713
TypeD-4_H2	Common	True	724	725	726	721	722	723	gct	gca	Ala	Ala	Synonymous	SNP	16513	16514	16515
TypeD-4_H2	Common	True	871	872	873	868	869	870	gct	gcc	Ala	Ala	Synonymous	SNP	16660	16661	16662
TypeD-4_H2	Common	True	1525	1526	1527	1522	1523	1524	ggc	ggt	Gly	Gly	Synonymous	SNP	57660	57661	57662
TypeD-4_H2	Common	True	1537	1538	1539	1534	1535	1536	gga	ggt	Gly	Gly	Synonymous	SNP	57672	57673	57674
TypeD-4_H2	Common	True	1576	1577	1578	1573	1574	1575	caa	cag	Gln	Gln	Synonymous	SNP	57711	57712	57713
