Sample_Haplotype	Position	Length_diff	REF	ALT
Chubo-1_H1	177297	+15	CAGCGACG	CAGCGGCAGGAGCGACGGCGGCG
Chubo-1_H2	177297	+15	CAGCGACG	CAGCGGCAGGAGCGACGGCGGCG
Chubo-2_H1	177297	+15	CAGCGACG	CAGCGGCAGGAGCGACGGCGGCG
Chubo-2_H2	177297	+9	CAGCGACG	CAGCGACAGGAGCGACG
Chubo-3_H1	177297	+15	CAGCGACG	CAGCGGCAGGAGCGACGGCGGCG
Chubo-3_H2	177297	+15	CAGCGACG	CAGCGGCAGGAGCGACGGCGGCG
Chubo-4_H1	177297	+15	CAGCGACG	CAGCGGCAGGAGCGACGGCGGCG
Chubo-4_H2	177297	+15	CAGCGACG	CAGCGGCAGGAGCGACGGCGGCG
SRS-1_H1	177363	+9	TCGGCGGCCC	CCGGCAATGGTGGCGGCCC
SRS-1_H2	177363	+9	TCGGCGGCCC	CCGGCAATGGTGGCGGCCC
SRS-2_H1	177363	+9	TCGGCGGCCC	CCGGCAATGGTGGCGGCCC
SRS-2_H2	177363	+9	TCGGCGGCCC	CCGGCAATGGTGGCGGCCC
SRS-3_H1	177363	+9	TCGGCGGCCC	CCGGCAATGGTGGCGGCCC
SRS-3_H2	177297	+15	CAGCGACG	CAGCGGCAGGAGCGACGGCGGCG
SRS-4_H1	177363	+9	TCGGCGGCCC	CCGGCAATGGTGGCGGCCC
SRS-4_H2	177297	+15	CAGCGACG	CAGCGGCAGGAGCGACGGCGGCG
Takatsuki-1_H2	177266	-6	AGCGGCGGCGGCGGCGGT	AGCGGCGGCGGT
Takatsuki-1_H2	177297	+15	CAGCGACG	CAGCGACAGGAGCAACGGCGGCG
Takatsuki-2_H1	177266	-6	AGCGGCGGCGGCGGCGGT	AGCGGCGGCGGT
Takatsuki-2_H1	177297	+15	CAGCGACG	CAGCGACAGGAGCAACGGCGGCG
Takatsuki-2_H2	177297	+15	CAGCGACG	CAGCGGCAGGAGCGACGGCGGCG
Takatsuki-3_H1	177266	-6	AGCGGCGGCGGCGGCGGT	AGCGGCGGCGGT
Takatsuki-3_H1	177297	+15	CAGCGACG	CAGCGACAGGAGCAACGGCGGCG
Takatsuki-3_H2	177266	-6	AGCGGCGGCGGCGGCGGT	AGCGGCGGCGGT
Takatsuki-3_H2	177297	+15	CAGCGACG	CAGCGACAGGAGCAACGGCGGCG
Takatsuki-4_H1	177297	+15	CAGCGACG	CAGCGGCAGGAGCGACGGCGGCG
Takatsuki-4_H2	177297	+15	CAGCGACG	CAGCGGCAGGAGCGACGGCGGCG
TypeD-1_H1	177363	+9	TCGGCGGCCC	CCGGCAATGGTGGCGGCCC
TypeD-1_H2	177363	+9	TCGGCGGCCC	CCGGCAATGGTGGCGGCCC
TypeD-2_H1	177363	+9	TCGGCGGCCC	CCGGCAATGGTGGCGGCCC
TypeD-2_H2	177363	+9	TCGGCGGCCC	CCGGCAATGGTGGCGGCCC
TypeD-3_H1	177363	+9	TCGGCGGCCC	CCGGCAATGGTGGCGGCCC
TypeD-3_H2	177363	+9	TCGGCGGCCC	CCGGCAATGGTGGCGGCCC
TypeD-4_H1	177363	+9	TCGGCGGCCC	CCGGCAATGGTGGCGGCCC
TypeD-4_H2	177363	+9	TCGGCGGCCC	CCGGCAATGGTGGCGGCCC
