Sample	Transcript	Valid_translation	Ref_CDS_pos1	Ref_CDS_pos2	Ref_CDS_pos3	CDS_pos1	CDS_pos2	CDS_pos3	Ref_codon	Sample_codon	Ref_AA	Sample_AA	Mutation_type	Variant_type	genome_pos1	genome_pos2	genome_pos3
Chubo-1_H1	Common	True	373	374	375	373	374	375	ctt	ctc	Leu	Leu	Synonymous	SNP	29856	29857	29858
Chubo-1_H1	Common	True	1081	1082	1083	1081	1082	1083	gat	gac	Asp	Asp	Synonymous	SNP	61159	61160	61161
Chubo-1_H1	Common	True	1084	1085	1086	1084	1085	1086	tcg	tca	Ser	Ser	Synonymous	SNP	61162	61163	61164
Chubo-1_H1	Common	True	1108	1109	1110	1108	1109	1110	gcc	gcg	Ala	Ala	Synonymous	SNP	61186	61187	61188
Chubo-1_H1	Common	True	1315	1316	1317	1315	1316	1317	ata	atc	Ile	Ile	Synonymous	SNP	61393	61394	61395
Chubo-1_H1	Common	True	1513	1514	1515	1513	1514	1515	aaa	aag	Lys	Lys	Synonymous	SNP	62434	62435	62436
Chubo-1_H1	Common	True	2119	2120	2121	2119	2120	2121	gat	gac	Asp	Asp	Synonymous	SNP	82699	82700	82701
Chubo-1_H1	Common	True	2368	2369	2370	2368	2369	2370	ttg	tta	Leu	Leu	Synonymous	SNP	96461	96462	96463
Chubo-1_H1	Common	True	2386	2387	2388	2386	2387	2388	gtg	gtc	Val	Val	Synonymous	SNP	96479	96480	96481
Chubo-1_H1	Common	True	2449	2450	2451	2449	2450	2451	acg	aca	Thr	Thr	Synonymous	SNP	96542	96543	96544
Chubo-1_H1	mRNAdk	True	2752	2753	2754	2752	2753	2754	atg	acg	Met	Thr	Nonsynonymous	SNP	98021	98022	98023
Chubo-1_H1	mRNAdl	True	2752	2753	2754	2752	2753	2754	atg	acg	Met	Thr	Nonsynonymous	SNP	98021	98022	98023
Chubo-1_H1	Common	True	3040	3041	3042	3040	3041	3042	ctt	ttt	Leu	Phe	Nonsynonymous	SNP	104039	104040	104041
Chubo-1_H1	Common	True	3388	3389	3390	3388	3389	3390	aag	aaa	Lys	Lys	Synonymous	SNP	114476	114477	114478
Chubo-1_H1	Common	True	3697	3698	3699	3697	3698	3699	att	atc	Ile	Ile	Synonymous	SNP	117079	117080	117081
Chubo-1_H1	Common	True	3703	3704	3705	3703	3704	3705	atc	att	Ile	Ile	Synonymous	SNP	117085	117086	117087
Chubo-1_H1	Common	True	3709	3710	3711	3709	3710	3711	gcg	gcc	Ala	Ala	Synonymous	SNP	117091	117092	117093
Chubo-1_H1	Common	True	4045	4046	4047	4045	4046	4047	gtt	gtc	Val	Val	Synonymous	SNP	118308	118309	118310
Chubo-1_H1	Common	True	5596	5597	5598	5596	5597	5598	gac	gat	Asp	Asp	Synonymous	SNP	176810	176811	176812
Chubo-1_H1	Common	True	5641	5642	5643	5641	5642	5643	ggc	ggt	Gly	Gly	Synonymous	SNP	176855	176856	176857
Chubo-1_H1	Common	True	5860	5861	5862	5860	5861	5862	ata	att	Ile	Ile	Synonymous	SNP	177074	177075	177076
Chubo-1_H1	Common	True	6088	6089	6090	6103	6104	6105	acg	gcg	Thr	Ala	Nonsynonymous	SNP	177302	177303	177304
Chubo-1_H1	Common	True	6112	6113	6114	6127	6128	6129	aca	tca	Thr	Ser	Nonsynonymous	SNP	177326	177327	177328
Chubo-1_H2	Common	True	373	374	375	373	374	375	ctt	ctc	Leu	Leu	Synonymous	SNP	29856	29857	29858
Chubo-1_H2	Common	True	1081	1082	1083	1081	1082	1083	gat	gac	Asp	Asp	Synonymous	SNP	61159	61160	61161
Chubo-1_H2	Common	True	1084	1085	1086	1084	1085	1086	tcg	tca	Ser	Ser	Synonymous	SNP	61162	61163	61164
Chubo-1_H2	Common	True	1108	1109	1110	1108	1109	1110	gcc	gcg	Ala	Ala	Synonymous	SNP	61186	61187	61188
Chubo-1_H2	Common	True	1315	1316	1317	1315	1316	1317	ata	atc	Ile	Ile	Synonymous	SNP	61393	61394	61395
Chubo-1_H2	Common	True	1513	1514	1515	1513	1514	1515	aaa	aag	Lys	Lys	Synonymous	SNP	62434	62435	62436
Chubo-1_H2	Common	True	2119	2120	2121	2119	2120	2121	gat	gac	Asp	Asp	Synonymous	SNP	82699	82700	82701
Chubo-1_H2	Common	True	2368	2369	2370	2368	2369	2370	ttg	tta	Leu	Leu	Synonymous	SNP	96461	96462	96463
Chubo-1_H2	Common	True	2386	2387	2388	2386	2387	2388	gtg	gtc	Val	Val	Synonymous	SNP	96479	96480	96481
Chubo-1_H2	Common	True	2449	2450	2451	2449	2450	2451	acg	aca	Thr	Thr	Synonymous	SNP	96542	96543	96544
Chubo-1_H2	mRNAdk	True	2752	2753	2754	2752	2753	2754	atg	acg	Met	Thr	Nonsynonymous	SNP	98021	98022	98023
Chubo-1_H2	mRNAdl	True	2752	2753	2754	2752	2753	2754	atg	acg	Met	Thr	Nonsynonymous	SNP	98021	98022	98023
Chubo-1_H2	Common	True	3040	3041	3042	3040	3041	3042	ctt	ttt	Leu	Phe	Nonsynonymous	SNP	104039	104040	104041
Chubo-1_H2	Common	True	3388	3389	3390	3388	3389	3390	aag	aaa	Lys	Lys	Synonymous	SNP	114476	114477	114478
Chubo-1_H2	Common	True	3697	3698	3699	3697	3698	3699	att	atc	Ile	Ile	Synonymous	SNP	117079	117080	117081
Chubo-1_H2	Common	True	3703	3704	3705	3703	3704	3705	atc	att	Ile	Ile	Synonymous	SNP	117085	117086	117087
Chubo-1_H2	Common	True	3709	3710	3711	3709	3710	3711	gcg	gcc	Ala	Ala	Synonymous	SNP	117091	117092	117093
Chubo-1_H2	Common	True	4045	4046	4047	4045	4046	4047	gtt	gtc	Val	Val	Synonymous	SNP	118308	118309	118310
Chubo-1_H2	Common	True	5596	5597	5598	5596	5597	5598	gac	gat	Asp	Asp	Synonymous	SNP	176810	176811	176812
Chubo-1_H2	Common	True	5641	5642	5643	5641	5642	5643	ggc	ggt	Gly	Gly	Synonymous	SNP	176855	176856	176857
Chubo-1_H2	Common	True	5860	5861	5862	5860	5861	5862	ata	att	Ile	Ile	Synonymous	SNP	177074	177075	177076
Chubo-1_H2	Common	True	6088	6089	6090	6103	6104	6105	acg	gcg	Thr	Ala	Nonsynonymous	SNP	177302	177303	177304
Chubo-1_H2	Common	True	6112	6113	6114	6127	6128	6129	aca	tca	Thr	Ser	Nonsynonymous	SNP	177326	177327	177328
Chubo-2_H1	Common	True	109	110	111	109	110	111	caa	cag	Gln	Gln	Synonymous	SNP	1108	1109	1110
Chubo-2_H1	Common	True	373	374	375	373	374	375	ctt	ctc	Leu	Leu	Synonymous	SNP	29856	29857	29858
Chubo-2_H1	Common	True	1021	1022	1023	1021	1022	1023	gaa	gag	Glu	Glu	Synonymous	SNP	61099	61100	61101
Chubo-2_H1	Common	True	1084	1085	1086	1084	1085	1086	tcg	tca	Ser	Ser	Synonymous	SNP	61162	61163	61164
Chubo-2_H1	Common	True	1108	1109	1110	1108	1109	1110	gcc	gcg	Ala	Ala	Synonymous	SNP	61186	61187	61188
Chubo-2_H1	Common	True	1525	1526	1527	1525	1526	1527	tcg	tcc	Ser	Ser	Synonymous	SNP	62446	62447	62448
Chubo-2_H1	Common	True	2119	2120	2121	2119	2120	2121	gat	gac	Asp	Asp	Synonymous	SNP	82699	82700	82701
Chubo-2_H1	Common	True	2368	2369	2370	2368	2369	2370	ttg	tta	Leu	Leu	Synonymous	SNP	96461	96462	96463
Chubo-2_H1	Common	True	2386	2387	2388	2386	2387	2388	gtg	gtc	Val	Val	Synonymous	SNP	96479	96480	96481
Chubo-2_H1	Common	True	2449	2450	2451	2449	2450	2451	acg	aca	Thr	Thr	Synonymous	SNP	96542	96543	96544
Chubo-2_H1	mRNAdk	True	2752	2753	2754	2752	2753	2754	atg	acg	Met	Thr	Nonsynonymous	SNP	98021	98022	98023
Chubo-2_H1	mRNAdl	True	2752	2753	2754	2752	2753	2754	atg	acg	Met	Thr	Nonsynonymous	SNP	98021	98022	98023
Chubo-2_H1	Common	True	3040	3041	3042	3040	3041	3042	ctt	ttt	Leu	Phe	Nonsynonymous	SNP	104039	104040	104041
Chubo-2_H1	Common	True	3388	3389	3390	3388	3389	3390	aag	aaa	Lys	Lys	Synonymous	SNP	114476	114477	114478
Chubo-2_H1	Common	True	3697	3698	3699	3697	3698	3699	att	atc	Ile	Ile	Synonymous	SNP	117079	117080	117081
Chubo-2_H1	Common	True	3703	3704	3705	3703	3704	3705	atc	att	Ile	Ile	Synonymous	SNP	117085	117086	117087
Chubo-2_H1	Common	True	3709	3710	3711	3709	3710	3711	gcg	gcc	Ala	Ala	Synonymous	SNP	117091	117092	117093
Chubo-2_H1	Common	True	3739	3740	3741	3739	3740	3741	tat	tac	Tyr	Tyr	Synonymous	SNP	117121	117122	117123
Chubo-2_H1	Common	True	4435	4436	4437	4435	4436	4437	aac	aat	Asn	Asn	Synonymous	SNP	146426	146427	146428
Chubo-2_H1	Common	True	5596	5597	5598	5596	5597	5598	gac	gat	Asp	Asp	Synonymous	SNP	176810	176811	176812
Chubo-2_H1	Common	True	5656	5657	5658	5656	5657	5658	aga	cgc	Arg	Arg	Synonymous	MNP	176870	176871	176872
Chubo-2_H1	Common	True	5860	5861	5862	5860	5861	5862	ata	att	Ile	Ile	Synonymous	SNP	177074	177075	177076
Chubo-2_H1	Common	True	6019	6020	6021	6019	6020	6021	gat	gag	Asp	Glu	Nonsynonymous	SNP	177233	177234	177235
Chubo-2_H1	Common	True	6088	6089	6090	6103	6104	6105	acg	gcg	Thr	Ala	Nonsynonymous	SNP	177302	177303	177304
Chubo-2_H1	Common	True	6112	6113	6114	6127	6128	6129	aca	tca	Thr	Ser	Nonsynonymous	SNP	177326	177327	177328
Chubo-2_H2	Common	True	373	374	375	373	374	375	ctt	ctc	Leu	Leu	Synonymous	SNP	29856	29857	29858
Chubo-2_H2	Common	True	1081	1082	1083	1081	1082	1083	gat	gac	Asp	Asp	Synonymous	SNP	61159	61160	61161
Chubo-2_H2	Common	True	1084	1085	1086	1084	1085	1086	tcg	tca	Ser	Ser	Synonymous	SNP	61162	61163	61164
Chubo-2_H2	Common	True	1108	1109	1110	1108	1109	1110	gcc	gcg	Ala	Ala	Synonymous	SNP	61186	61187	61188
Chubo-2_H2	Common	True	1315	1316	1317	1315	1316	1317	ata	atc	Ile	Ile	Synonymous	SNP	61393	61394	61395
Chubo-2_H2	Common	True	1513	1514	1515	1513	1514	1515	aaa	aag	Lys	Lys	Synonymous	SNP	62434	62435	62436
Chubo-2_H2	Common	True	1795	1796	1797	1795	1796	1797	gat	gac	Asp	Asp	Synonymous	SNP	79162	79163	79164
Chubo-2_H2	Common	True	2119	2120	2121	2119	2120	2121	gat	gac	Asp	Asp	Synonymous	SNP	82699	82700	82701
Chubo-2_H2	Common	True	2368	2369	2370	2368	2369	2370	ttg	tta	Leu	Leu	Synonymous	SNP	96461	96462	96463
Chubo-2_H2	Common	True	2386	2387	2388	2386	2387	2388	gtg	gtc	Val	Val	Synonymous	SNP	96479	96480	96481
Chubo-2_H2	Common	True	2449	2450	2451	2449	2450	2451	acg	aca	Thr	Thr	Synonymous	SNP	96542	96543	96544
Chubo-2_H2	Common	True	2539	2540	2541	2539	2540	2541	gca	gcg	Ala	Ala	Synonymous	SNP	96696	96697	96698
Chubo-2_H2	Common	True	3388	3389	3390	3388	3389	3390	aag	aaa	Lys	Lys	Synonymous	SNP	114476	114477	114478
Chubo-2_H2	Common	True	3697	3698	3699	3697	3698	3699	att	atc	Ile	Ile	Synonymous	SNP	117079	117080	117081
Chubo-2_H2	Common	True	3703	3704	3705	3703	3704	3705	atc	att	Ile	Ile	Synonymous	SNP	117085	117086	117087
Chubo-2_H2	Common	True	3709	3710	3711	3709	3710	3711	gcg	gcc	Ala	Ala	Synonymous	SNP	117091	117092	117093
Chubo-2_H2	Common	True	4045	4046	4047	4045	4046	4047	gtt	gtc	Val	Val	Synonymous	SNP	118308	118309	118310
Chubo-2_H2	Common	True	5596	5597	5598	5596	5597	5598	gac	gat	Asp	Asp	Synonymous	SNP	176810	176811	176812
Chubo-2_H2	Common	True	5641	5642	5643	5641	5642	5643	ggc	ggt	Gly	Gly	Synonymous	SNP	176855	176856	176857
Chubo-2_H2	Common	True	5860	5861	5862	5860	5861	5862	ata	att	Ile	Ile	Synonymous	SNP	177074	177075	177076
Chubo-2_H2	Common	True	6052	6053	6054	6052	6053	6054	agc	agt	Ser	Ser	Synonymous	SNP	177266	177267	177268
Chubo-2_H2	Common	True	6112	6113	6114	6121	6122	6123	aca	tca	Thr	Ser	Nonsynonymous	SNP	177326	177327	177328
Chubo-2_H2	Common	True	6130	6131	6132	6139	6140	6141	gaa	gag	Glu	Glu	Synonymous	SNP	177344	177345	177346
Chubo-3_H1	Common	True	373	374	375	373	374	375	ctt	ctc	Leu	Leu	Synonymous	SNP	29856	29857	29858
Chubo-3_H1	Common	True	1081	1082	1083	1081	1082	1083	gat	gac	Asp	Asp	Synonymous	SNP	61159	61160	61161
Chubo-3_H1	Common	True	1084	1085	1086	1084	1085	1086	tcg	tca	Ser	Ser	Synonymous	SNP	61162	61163	61164
Chubo-3_H1	Common	True	1108	1109	1110	1108	1109	1110	gcc	gcg	Ala	Ala	Synonymous	SNP	61186	61187	61188
Chubo-3_H1	Common	True	1315	1316	1317	1315	1316	1317	ata	atc	Ile	Ile	Synonymous	SNP	61393	61394	61395
Chubo-3_H1	Common	True	1513	1514	1515	1513	1514	1515	aaa	aag	Lys	Lys	Synonymous	SNP	62434	62435	62436
Chubo-3_H1	Common	True	2119	2120	2121	2119	2120	2121	gat	gac	Asp	Asp	Synonymous	SNP	82699	82700	82701
Chubo-3_H1	Common	True	2368	2369	2370	2368	2369	2370	ttg	tta	Leu	Leu	Synonymous	SNP	96461	96462	96463
Chubo-3_H1	Common	True	2386	2387	2388	2386	2387	2388	gtg	gtc	Val	Val	Synonymous	SNP	96479	96480	96481
Chubo-3_H1	Common	True	2449	2450	2451	2449	2450	2451	acg	aca	Thr	Thr	Synonymous	SNP	96542	96543	96544
Chubo-3_H1	mRNAdk	True	2752	2753	2754	2752	2753	2754	atg	acg	Met	Thr	Nonsynonymous	SNP	98021	98022	98023
Chubo-3_H1	mRNAdl	True	2752	2753	2754	2752	2753	2754	atg	acg	Met	Thr	Nonsynonymous	SNP	98021	98022	98023
Chubo-3_H1	Common	True	3040	3041	3042	3040	3041	3042	ctt	ttt	Leu	Phe	Nonsynonymous	SNP	104039	104040	104041
Chubo-3_H1	Common	True	3388	3389	3390	3388	3389	3390	aag	aaa	Lys	Lys	Synonymous	SNP	114476	114477	114478
Chubo-3_H1	Common	True	3697	3698	3699	3697	3698	3699	att	atc	Ile	Ile	Synonymous	SNP	117079	117080	117081
Chubo-3_H1	Common	True	3703	3704	3705	3703	3704	3705	atc	att	Ile	Ile	Synonymous	SNP	117085	117086	117087
Chubo-3_H1	Common	True	3709	3710	3711	3709	3710	3711	gcg	gcc	Ala	Ala	Synonymous	SNP	117091	117092	117093
Chubo-3_H1	Common	True	4045	4046	4047	4045	4046	4047	gtt	gtc	Val	Val	Synonymous	SNP	118308	118309	118310
Chubo-3_H1	Common	True	5596	5597	5598	5596	5597	5598	gac	gat	Asp	Asp	Synonymous	SNP	176810	176811	176812
Chubo-3_H1	Common	True	5641	5642	5643	5641	5642	5643	ggc	ggt	Gly	Gly	Synonymous	SNP	176855	176856	176857
Chubo-3_H1	Common	True	5860	5861	5862	5860	5861	5862	ata	att	Ile	Ile	Synonymous	SNP	177074	177075	177076
Chubo-3_H1	Common	True	6088	6089	6090	6103	6104	6105	acg	gcg	Thr	Ala	Nonsynonymous	SNP	177302	177303	177304
Chubo-3_H1	Common	True	6112	6113	6114	6127	6128	6129	aca	tca	Thr	Ser	Nonsynonymous	SNP	177326	177327	177328
Chubo-3_H2	Common	True	373	374	375	373	374	375	ctt	ctc	Leu	Leu	Synonymous	SNP	29856	29857	29858
Chubo-3_H2	Common	True	1081	1082	1083	1081	1082	1083	gat	gac	Asp	Asp	Synonymous	SNP	61159	61160	61161
Chubo-3_H2	Common	True	1084	1085	1086	1084	1085	1086	tcg	tca	Ser	Ser	Synonymous	SNP	61162	61163	61164
Chubo-3_H2	Common	True	1108	1109	1110	1108	1109	1110	gcc	gcg	Ala	Ala	Synonymous	SNP	61186	61187	61188
Chubo-3_H2	Common	True	1315	1316	1317	1315	1316	1317	ata	atc	Ile	Ile	Synonymous	SNP	61393	61394	61395
Chubo-3_H2	Common	True	1513	1514	1515	1513	1514	1515	aaa	aag	Lys	Lys	Synonymous	SNP	62434	62435	62436
Chubo-3_H2	Common	True	2119	2120	2121	2119	2120	2121	gat	gac	Asp	Asp	Synonymous	SNP	82699	82700	82701
Chubo-3_H2	Common	True	2368	2369	2370	2368	2369	2370	ttg	tta	Leu	Leu	Synonymous	SNP	96461	96462	96463
Chubo-3_H2	Common	True	2386	2387	2388	2386	2387	2388	gtg	gtc	Val	Val	Synonymous	SNP	96479	96480	96481
Chubo-3_H2	Common	True	2449	2450	2451	2449	2450	2451	acg	aca	Thr	Thr	Synonymous	SNP	96542	96543	96544
Chubo-3_H2	mRNAdk	True	2752	2753	2754	2752	2753	2754	atg	acg	Met	Thr	Nonsynonymous	SNP	98021	98022	98023
Chubo-3_H2	mRNAdl	True	2752	2753	2754	2752	2753	2754	atg	acg	Met	Thr	Nonsynonymous	SNP	98021	98022	98023
Chubo-3_H2	Common	True	3040	3041	3042	3040	3041	3042	ctt	ttt	Leu	Phe	Nonsynonymous	SNP	104039	104040	104041
Chubo-3_H2	Common	True	3388	3389	3390	3388	3389	3390	aag	aaa	Lys	Lys	Synonymous	SNP	114476	114477	114478
Chubo-3_H2	Common	True	3697	3698	3699	3697	3698	3699	att	atc	Ile	Ile	Synonymous	SNP	117079	117080	117081
Chubo-3_H2	Common	True	3703	3704	3705	3703	3704	3705	atc	att	Ile	Ile	Synonymous	SNP	117085	117086	117087
Chubo-3_H2	Common	True	3709	3710	3711	3709	3710	3711	gcg	gcc	Ala	Ala	Synonymous	SNP	117091	117092	117093
Chubo-3_H2	Common	True	4045	4046	4047	4045	4046	4047	gtt	gtc	Val	Val	Synonymous	SNP	118308	118309	118310
Chubo-3_H2	Common	True	5596	5597	5598	5596	5597	5598	gac	gat	Asp	Asp	Synonymous	SNP	176810	176811	176812
Chubo-3_H2	Common	True	5641	5642	5643	5641	5642	5643	ggc	ggt	Gly	Gly	Synonymous	SNP	176855	176856	176857
Chubo-3_H2	Common	True	5860	5861	5862	5860	5861	5862	ata	att	Ile	Ile	Synonymous	SNP	177074	177075	177076
Chubo-3_H2	Common	True	6088	6089	6090	6103	6104	6105	acg	gcg	Thr	Ala	Nonsynonymous	SNP	177302	177303	177304
Chubo-3_H2	Common	True	6112	6113	6114	6127	6128	6129	aca	tca	Thr	Ser	Nonsynonymous	SNP	177326	177327	177328
Chubo-4_H1	Common	True	373	374	375	373	374	375	ctt	ctc	Leu	Leu	Synonymous	SNP	29856	29857	29858
Chubo-4_H1	Common	True	1081	1082	1083	1081	1082	1083	gat	gac	Asp	Asp	Synonymous	SNP	61159	61160	61161
Chubo-4_H1	Common	True	1084	1085	1086	1084	1085	1086	tcg	tca	Ser	Ser	Synonymous	SNP	61162	61163	61164
Chubo-4_H1	Common	True	1108	1109	1110	1108	1109	1110	gcc	gcg	Ala	Ala	Synonymous	SNP	61186	61187	61188
Chubo-4_H1	Common	True	1315	1316	1317	1315	1316	1317	ata	atc	Ile	Ile	Synonymous	SNP	61393	61394	61395
Chubo-4_H1	Common	True	1513	1514	1515	1513	1514	1515	aaa	aag	Lys	Lys	Synonymous	SNP	62434	62435	62436
Chubo-4_H1	Common	True	2119	2120	2121	2119	2120	2121	gat	gac	Asp	Asp	Synonymous	SNP	82699	82700	82701
Chubo-4_H1	Common	True	2368	2369	2370	2368	2369	2370	ttg	tta	Leu	Leu	Synonymous	SNP	96461	96462	96463
Chubo-4_H1	Common	True	2386	2387	2388	2386	2387	2388	gtg	gtc	Val	Val	Synonymous	SNP	96479	96480	96481
Chubo-4_H1	Common	True	2449	2450	2451	2449	2450	2451	acg	aca	Thr	Thr	Synonymous	SNP	96542	96543	96544
Chubo-4_H1	mRNAdk	True	2752	2753	2754	2752	2753	2754	atg	acg	Met	Thr	Nonsynonymous	SNP	98021	98022	98023
Chubo-4_H1	mRNAdl	True	2752	2753	2754	2752	2753	2754	atg	acg	Met	Thr	Nonsynonymous	SNP	98021	98022	98023
Chubo-4_H1	Common	True	3040	3041	3042	3040	3041	3042	ctt	ttt	Leu	Phe	Nonsynonymous	SNP	104039	104040	104041
Chubo-4_H1	Common	True	3388	3389	3390	3388	3389	3390	aag	aaa	Lys	Lys	Synonymous	SNP	114476	114477	114478
Chubo-4_H1	Common	True	3697	3698	3699	3697	3698	3699	att	atc	Ile	Ile	Synonymous	SNP	117079	117080	117081
Chubo-4_H1	Common	True	3703	3704	3705	3703	3704	3705	atc	att	Ile	Ile	Synonymous	SNP	117085	117086	117087
Chubo-4_H1	Common	True	3709	3710	3711	3709	3710	3711	gcg	gcc	Ala	Ala	Synonymous	SNP	117091	117092	117093
Chubo-4_H1	Common	True	4045	4046	4047	4045	4046	4047	gtt	gtc	Val	Val	Synonymous	SNP	118308	118309	118310
Chubo-4_H1	Common	True	5596	5597	5598	5596	5597	5598	gac	gat	Asp	Asp	Synonymous	SNP	176810	176811	176812
Chubo-4_H1	Common	True	5641	5642	5643	5641	5642	5643	ggc	ggt	Gly	Gly	Synonymous	SNP	176855	176856	176857
Chubo-4_H1	Common	True	5860	5861	5862	5860	5861	5862	ata	att	Ile	Ile	Synonymous	SNP	177074	177075	177076
Chubo-4_H1	Common	True	6088	6089	6090	6103	6104	6105	acg	gcg	Thr	Ala	Nonsynonymous	SNP	177302	177303	177304
Chubo-4_H1	Common	True	6112	6113	6114	6127	6128	6129	aca	tca	Thr	Ser	Nonsynonymous	SNP	177326	177327	177328
Chubo-4_H2	Common	True	373	374	375	373	374	375	ctt	ctc	Leu	Leu	Synonymous	SNP	29856	29857	29858
Chubo-4_H2	Common	True	1081	1082	1083	1081	1082	1083	gat	gac	Asp	Asp	Synonymous	SNP	61159	61160	61161
Chubo-4_H2	Common	True	1084	1085	1086	1084	1085	1086	tcg	tca	Ser	Ser	Synonymous	SNP	61162	61163	61164
Chubo-4_H2	Common	True	1108	1109	1110	1108	1109	1110	gcc	gcg	Ala	Ala	Synonymous	SNP	61186	61187	61188
Chubo-4_H2	Common	True	1315	1316	1317	1315	1316	1317	ata	atc	Ile	Ile	Synonymous	SNP	61393	61394	61395
Chubo-4_H2	Common	True	1513	1514	1515	1513	1514	1515	aaa	aag	Lys	Lys	Synonymous	SNP	62434	62435	62436
Chubo-4_H2	Common	True	2119	2120	2121	2119	2120	2121	gat	gac	Asp	Asp	Synonymous	SNP	82699	82700	82701
Chubo-4_H2	Common	True	2368	2369	2370	2368	2369	2370	ttg	tta	Leu	Leu	Synonymous	SNP	96461	96462	96463
Chubo-4_H2	Common	True	2386	2387	2388	2386	2387	2388	gtg	gtc	Val	Val	Synonymous	SNP	96479	96480	96481
Chubo-4_H2	Common	True	2449	2450	2451	2449	2450	2451	acg	aca	Thr	Thr	Synonymous	SNP	96542	96543	96544
Chubo-4_H2	mRNAdk	True	2752	2753	2754	2752	2753	2754	atg	acg	Met	Thr	Nonsynonymous	SNP	98021	98022	98023
Chubo-4_H2	mRNAdl	True	2752	2753	2754	2752	2753	2754	atg	acg	Met	Thr	Nonsynonymous	SNP	98021	98022	98023
Chubo-4_H2	Common	True	3040	3041	3042	3040	3041	3042	ctt	ttt	Leu	Phe	Nonsynonymous	SNP	104039	104040	104041
Chubo-4_H2	Common	True	3388	3389	3390	3388	3389	3390	aag	aaa	Lys	Lys	Synonymous	SNP	114476	114477	114478
Chubo-4_H2	Common	True	3697	3698	3699	3697	3698	3699	att	atc	Ile	Ile	Synonymous	SNP	117079	117080	117081
Chubo-4_H2	Common	True	3703	3704	3705	3703	3704	3705	atc	att	Ile	Ile	Synonymous	SNP	117085	117086	117087
Chubo-4_H2	Common	True	3709	3710	3711	3709	3710	3711	gcg	gcc	Ala	Ala	Synonymous	SNP	117091	117092	117093
Chubo-4_H2	Common	True	4045	4046	4047	4045	4046	4047	gtt	gtc	Val	Val	Synonymous	SNP	118308	118309	118310
Chubo-4_H2	Common	True	4417	4418	4419	4417	4418	4419	tgg	tgt	Trp	Cys	Nonsynonymous	SNP	146408	146409	146410
Chubo-4_H2	Common	True	5596	5597	5598	5596	5597	5598	gac	gat	Asp	Asp	Synonymous	SNP	176810	176811	176812
Chubo-4_H2	Common	True	5641	5642	5643	5641	5642	5643	ggc	ggt	Gly	Gly	Synonymous	SNP	176855	176856	176857
Chubo-4_H2	Common	True	5860	5861	5862	5860	5861	5862	ata	att	Ile	Ile	Synonymous	SNP	177074	177075	177076
Chubo-4_H2	Common	True	6088	6089	6090	6103	6104	6105	acg	gcg	Thr	Ala	Nonsynonymous	SNP	177302	177303	177304
Chubo-4_H2	Common	True	6112	6113	6114	6127	6128	6129	aca	tca	Thr	Ser	Nonsynonymous	SNP	177326	177327	177328
SRS-1_H1	Common	True	373	374	375	373	374	375	ctt	ctc	Leu	Leu	Synonymous	SNP	29856	29857	29858
SRS-1_H1	Common	True	1084	1085	1086	1084	1085	1086	tcg	tca	Ser	Ser	Synonymous	SNP	61162	61163	61164
SRS-1_H1	Common	True	1108	1109	1110	1108	1109	1110	gcc	gcg	Ala	Ala	Synonymous	SNP	61186	61187	61188
SRS-1_H1	Common	True	1315	1316	1317	1315	1316	1317	ata	atc	Ile	Ile	Synonymous	SNP	61393	61394	61395
SRS-1_H1	Common	True	1525	1526	1527	1525	1526	1527	tcg	tcc	Ser	Ser	Synonymous	SNP	62446	62447	62448
SRS-1_H1	Common	True	2314	2315	2316	2314	2315	2316	tat	tac	Tyr	Tyr	Synonymous	SNP	96407	96408	96409
SRS-1_H1	Common	True	2515	2516	2517	2515	2516	2517	aac	aat	Asn	Asn	Synonymous	SNP	96608	96609	96610
SRS-1_H1	Common	True	2539	2540	2541	2539	2540	2541	gca	gcc	Ala	Ala	Synonymous	SNP	96696	96697	96698
SRS-1_H1	mRNAcl	True	2848	2849	2850	2848	2849	2850	aac	aat	Asn	Asn	Synonymous	SNP	97216	97217	97218
SRS-1_H1	mRNAck	True	2848	2849	2850	2848	2849	2850	aac	aat	Asn	Asn	Synonymous	SNP	97216	97217	97218
SRS-1_H1	Common	True	2977	2978	2979	2977	2978	2979	tgc	tgt	Cys	Cys	Synonymous	SNP	103976	103977	103978
SRS-1_H1	Common	True	3388	3389	3390	3388	3389	3390	aag	aaa	Lys	Lys	Synonymous	SNP	114476	114477	114478
SRS-1_H1	Common	True	3697	3698	3699	3697	3698	3699	att	atc	Ile	Ile	Synonymous	SNP	117079	117080	117081
SRS-1_H1	Common	True	3703	3704	3705	3703	3704	3705	atc	att	Ile	Ile	Synonymous	SNP	117085	117086	117087
SRS-1_H1	Common	True	3709	3710	3711	3709	3710	3711	gcg	gcc	Ala	Ala	Synonymous	SNP	117091	117092	117093
SRS-1_H1	Common	True	4045	4046	4047	4045	4046	4047	gtt	gtc	Val	Val	Synonymous	SNP	118308	118309	118310
SRS-1_H1	Common	True	5599	5600	5601	5599	5600	5601	tac	tat	Tyr	Tyr	Synonymous	SNP	176813	176814	176815
SRS-1_H1	Common	True	5641	5642	5643	5641	5642	5643	ggc	ggt	Gly	Gly	Synonymous	SNP	176855	176856	176857
SRS-1_H1	Common	True	5860	5861	5862	5860	5861	5862	ata	att	Ile	Ile	Synonymous	SNP	177074	177075	177076
SRS-1_H1	Common	True	6067	6068	6069	6067	6068	6069	ggt	gat	Gly	Asp	Nonsynonymous	SNP	177281	177282	177283
SRS-1_H1	Common	True	6148	6149	6150	6148	6149	6150	gtc	gcc	Val	Ala	Nonsynonymous	SNP	177362	177363	177364
SRS-1_H2	Common	True	373	374	375	373	374	375	ctt	ctc	Leu	Leu	Synonymous	SNP	29856	29857	29858
SRS-1_H2	Common	True	1084	1085	1086	1084	1085	1086	tcg	tca	Ser	Ser	Synonymous	SNP	61162	61163	61164
SRS-1_H2	Common	True	1108	1109	1110	1108	1109	1110	gcc	gcg	Ala	Ala	Synonymous	SNP	61186	61187	61188
SRS-1_H2	Common	True	1315	1316	1317	1315	1316	1317	ata	atc	Ile	Ile	Synonymous	SNP	61393	61394	61395
SRS-1_H2	Common	True	1525	1526	1527	1525	1526	1527	tcg	tcc	Ser	Ser	Synonymous	SNP	62446	62447	62448
SRS-1_H2	Common	True	2314	2315	2316	2314	2315	2316	tat	tac	Tyr	Tyr	Synonymous	SNP	96407	96408	96409
SRS-1_H2	Common	True	2515	2516	2517	2515	2516	2517	aac	aat	Asn	Asn	Synonymous	SNP	96608	96609	96610
SRS-1_H2	Common	True	2539	2540	2541	2539	2540	2541	gca	gcc	Ala	Ala	Synonymous	SNP	96696	96697	96698
SRS-1_H2	mRNAcl	True	2848	2849	2850	2848	2849	2850	aac	aat	Asn	Asn	Synonymous	SNP	97216	97217	97218
SRS-1_H2	mRNAck	True	2848	2849	2850	2848	2849	2850	aac	aat	Asn	Asn	Synonymous	SNP	97216	97217	97218
SRS-1_H2	Common	True	2977	2978	2979	2977	2978	2979	tgc	tgt	Cys	Cys	Synonymous	SNP	103976	103977	103978
SRS-1_H2	Common	True	3388	3389	3390	3388	3389	3390	aag	aaa	Lys	Lys	Synonymous	SNP	114476	114477	114478
SRS-1_H2	Common	True	3697	3698	3699	3697	3698	3699	att	atc	Ile	Ile	Synonymous	SNP	117079	117080	117081
SRS-1_H2	Common	True	3703	3704	3705	3703	3704	3705	atc	att	Ile	Ile	Synonymous	SNP	117085	117086	117087
SRS-1_H2	Common	True	3709	3710	3711	3709	3710	3711	gcg	gcc	Ala	Ala	Synonymous	SNP	117091	117092	117093
SRS-1_H2	Common	True	4045	4046	4047	4045	4046	4047	gtt	gtc	Val	Val	Synonymous	SNP	118308	118309	118310
SRS-1_H2	Common	True	5599	5600	5601	5599	5600	5601	tac	tat	Tyr	Tyr	Synonymous	SNP	176813	176814	176815
SRS-1_H2	Common	True	5641	5642	5643	5641	5642	5643	ggc	ggt	Gly	Gly	Synonymous	SNP	176855	176856	176857
SRS-1_H2	Common	True	5860	5861	5862	5860	5861	5862	ata	att	Ile	Ile	Synonymous	SNP	177074	177075	177076
SRS-1_H2	Common	True	6067	6068	6069	6067	6068	6069	ggt	gat	Gly	Asp	Nonsynonymous	SNP	177281	177282	177283
SRS-1_H2	Common	True	6148	6149	6150	6148	6149	6150	gtc	gcc	Val	Ala	Nonsynonymous	SNP	177362	177363	177364
SRS-2_H1	Common	True	373	374	375	373	374	375	ctt	ctc	Leu	Leu	Synonymous	SNP	29856	29857	29858
SRS-2_H1	Common	True	1084	1085	1086	1084	1085	1086	tcg	tca	Ser	Ser	Synonymous	SNP	61162	61163	61164
SRS-2_H1	Common	True	1108	1109	1110	1108	1109	1110	gcc	gcg	Ala	Ala	Synonymous	SNP	61186	61187	61188
SRS-2_H1	Common	True	1315	1316	1317	1315	1316	1317	ata	atc	Ile	Ile	Synonymous	SNP	61393	61394	61395
SRS-2_H1	Common	True	1525	1526	1527	1525	1526	1527	tcg	tcc	Ser	Ser	Synonymous	SNP	62446	62447	62448
SRS-2_H1	Common	True	2314	2315	2316	2314	2315	2316	tat	tac	Tyr	Tyr	Synonymous	SNP	96407	96408	96409
SRS-2_H1	Common	True	2515	2516	2517	2515	2516	2517	aac	aat	Asn	Asn	Synonymous	SNP	96608	96609	96610
SRS-2_H1	Common	True	2539	2540	2541	2539	2540	2541	gca	gcc	Ala	Ala	Synonymous	SNP	96696	96697	96698
SRS-2_H1	mRNAcl	True	2848	2849	2850	2848	2849	2850	aac	aat	Asn	Asn	Synonymous	SNP	97216	97217	97218
SRS-2_H1	mRNAck	True	2848	2849	2850	2848	2849	2850	aac	aat	Asn	Asn	Synonymous	SNP	97216	97217	97218
SRS-2_H1	Common	True	2977	2978	2979	2977	2978	2979	tgc	tgt	Cys	Cys	Synonymous	SNP	103976	103977	103978
SRS-2_H1	Common	True	3388	3389	3390	3388	3389	3390	aag	aaa	Lys	Lys	Synonymous	SNP	114476	114477	114478
SRS-2_H1	Common	True	3697	3698	3699	3697	3698	3699	att	atc	Ile	Ile	Synonymous	SNP	117079	117080	117081
SRS-2_H1	Common	True	3703	3704	3705	3703	3704	3705	atc	att	Ile	Ile	Synonymous	SNP	117085	117086	117087
SRS-2_H1	Common	True	3709	3710	3711	3709	3710	3711	gcg	gcc	Ala	Ala	Synonymous	SNP	117091	117092	117093
SRS-2_H1	Common	True	4045	4046	4047	4045	4046	4047	gtt	gtc	Val	Val	Synonymous	SNP	118308	118309	118310
SRS-2_H1	Common	True	5599	5600	5601	5599	5600	5601	tac	tat	Tyr	Tyr	Synonymous	SNP	176813	176814	176815
SRS-2_H1	Common	True	5641	5642	5643	5641	5642	5643	ggc	ggt	Gly	Gly	Synonymous	SNP	176855	176856	176857
SRS-2_H1	Common	True	5860	5861	5862	5860	5861	5862	ata	att	Ile	Ile	Synonymous	SNP	177074	177075	177076
SRS-2_H1	Common	True	6067	6068	6069	6067	6068	6069	ggt	gat	Gly	Asp	Nonsynonymous	SNP	177281	177282	177283
SRS-2_H1	Common	True	6148	6149	6150	6148	6149	6150	gtc	gcc	Val	Ala	Nonsynonymous	SNP	177362	177363	177364
SRS-2_H2	Common	True	373	374	375	373	374	375	ctt	ctc	Leu	Leu	Synonymous	SNP	29856	29857	29858
SRS-2_H2	Common	True	1084	1085	1086	1084	1085	1086	tcg	tca	Ser	Ser	Synonymous	SNP	61162	61163	61164
SRS-2_H2	Common	True	1108	1109	1110	1108	1109	1110	gcc	gcg	Ala	Ala	Synonymous	SNP	61186	61187	61188
SRS-2_H2	Common	True	1315	1316	1317	1315	1316	1317	ata	atc	Ile	Ile	Synonymous	SNP	61393	61394	61395
SRS-2_H2	Common	True	1525	1526	1527	1525	1526	1527	tcg	tcc	Ser	Ser	Synonymous	SNP	62446	62447	62448
SRS-2_H2	Common	True	2314	2315	2316	2314	2315	2316	tat	tac	Tyr	Tyr	Synonymous	SNP	96407	96408	96409
SRS-2_H2	Common	True	2515	2516	2517	2515	2516	2517	aac	aat	Asn	Asn	Synonymous	SNP	96608	96609	96610
SRS-2_H2	Common	True	2539	2540	2541	2539	2540	2541	gca	gcc	Ala	Ala	Synonymous	SNP	96696	96697	96698
SRS-2_H2	mRNAcl	True	2848	2849	2850	2848	2849	2850	aac	aat	Asn	Asn	Synonymous	SNP	97216	97217	97218
SRS-2_H2	mRNAck	True	2848	2849	2850	2848	2849	2850	aac	aat	Asn	Asn	Synonymous	SNP	97216	97217	97218
SRS-2_H2	Common	True	2977	2978	2979	2977	2978	2979	tgc	tgt	Cys	Cys	Synonymous	SNP	103976	103977	103978
SRS-2_H2	Common	True	3388	3389	3390	3388	3389	3390	aag	aaa	Lys	Lys	Synonymous	SNP	114476	114477	114478
SRS-2_H2	Common	True	3697	3698	3699	3697	3698	3699	att	atc	Ile	Ile	Synonymous	SNP	117079	117080	117081
SRS-2_H2	Common	True	3703	3704	3705	3703	3704	3705	atc	att	Ile	Ile	Synonymous	SNP	117085	117086	117087
SRS-2_H2	Common	True	3709	3710	3711	3709	3710	3711	gcg	gcc	Ala	Ala	Synonymous	SNP	117091	117092	117093
SRS-2_H2	Common	True	4045	4046	4047	4045	4046	4047	gtt	gtc	Val	Val	Synonymous	SNP	118308	118309	118310
SRS-2_H2	Common	True	5599	5600	5601	5599	5600	5601	tac	tat	Tyr	Tyr	Synonymous	SNP	176813	176814	176815
SRS-2_H2	Common	True	5641	5642	5643	5641	5642	5643	ggc	ggt	Gly	Gly	Synonymous	SNP	176855	176856	176857
SRS-2_H2	Common	True	5860	5861	5862	5860	5861	5862	ata	att	Ile	Ile	Synonymous	SNP	177074	177075	177076
SRS-2_H2	Common	True	6067	6068	6069	6067	6068	6069	ggt	gat	Gly	Asp	Nonsynonymous	SNP	177281	177282	177283
SRS-2_H2	Common	True	6148	6149	6150	6148	6149	6150	gtc	gcc	Val	Ala	Nonsynonymous	SNP	177362	177363	177364
SRS-3_H1	Common	True	373	374	375	373	374	375	ctt	ctc	Leu	Leu	Synonymous	SNP	29856	29857	29858
SRS-3_H1	Common	True	1084	1085	1086	1084	1085	1086	tcg	tca	Ser	Ser	Synonymous	SNP	61162	61163	61164
SRS-3_H1	Common	True	1108	1109	1110	1108	1109	1110	gcc	gcg	Ala	Ala	Synonymous	SNP	61186	61187	61188
SRS-3_H1	Common	True	1315	1316	1317	1315	1316	1317	ata	atc	Ile	Ile	Synonymous	SNP	61393	61394	61395
SRS-3_H1	Common	True	1525	1526	1527	1525	1526	1527	tcg	tcc	Ser	Ser	Synonymous	SNP	62446	62447	62448
SRS-3_H1	Common	True	2314	2315	2316	2314	2315	2316	tat	tac	Tyr	Tyr	Synonymous	SNP	96407	96408	96409
SRS-3_H1	Common	True	2317	2318	2319	2317	2318	2319	atc	att	Ile	Ile	Synonymous	SNP	96410	96411	96412
SRS-3_H1	Common	True	2431	2432	2433	2431	2432	2433	ctg	ttg	Leu	Leu	Synonymous	SNP	96524	96525	96526
SRS-3_H1	Common	True	2977	2978	2979	2977	2978	2979	tgc	tgt	Cys	Cys	Synonymous	SNP	103976	103977	103978
SRS-3_H1	Common	True	3388	3389	3390	3388	3389	3390	aag	aaa	Lys	Lys	Synonymous	SNP	114476	114477	114478
SRS-3_H1	Common	True	3754	3755	3756	3754	3755	3756	ttc	ttt	Phe	Phe	Synonymous	SNP	117136	117137	117138
SRS-3_H1	Common	True	5800	5801	5802	5800	5801	5802	acc	acg	Thr	Thr	Synonymous	SNP	177014	177015	177016
SRS-3_H1	Common	True	5860	5861	5862	5860	5861	5862	ata	att	Ile	Ile	Synonymous	SNP	177074	177075	177076
SRS-3_H1	Common	True	6148	6149	6150	6148	6149	6150	gtc	gcc	Val	Ala	Nonsynonymous	SNP	177362	177363	177364
SRS-3_H2	Common	True	1081	1082	1083	1081	1082	1083	gat	gac	Asp	Asp	Synonymous	SNP	61159	61160	61161
SRS-3_H2	Common	True	1084	1085	1086	1084	1085	1086	tcg	tca	Ser	Ser	Synonymous	SNP	61162	61163	61164
SRS-3_H2	Common	True	1108	1109	1110	1108	1109	1110	gcc	gcg	Ala	Ala	Synonymous	SNP	61186	61187	61188
SRS-3_H2	Common	True	1315	1316	1317	1315	1316	1317	ata	atc	Ile	Ile	Synonymous	SNP	61393	61394	61395
SRS-3_H2	Common	True	1525	1526	1527	1525	1526	1527	tcg	tcc	Ser	Ser	Synonymous	SNP	62446	62447	62448
SRS-3_H2	Common	True	2119	2120	2121	2119	2120	2121	gat	gac	Asp	Asp	Synonymous	SNP	82699	82700	82701
SRS-3_H2	Common	True	2449	2450	2451	2449	2450	2451	acg	aca	Thr	Thr	Synonymous	SNP	96542	96543	96544
SRS-3_H2	Common	True	2515	2516	2517	2515	2516	2517	aac	aat	Asn	Asn	Synonymous	SNP	96608	96609	96610
SRS-3_H2	Common	True	2539	2540	2541	2539	2540	2541	gca	gcc	Ala	Ala	Synonymous	SNP	96696	96697	96698
SRS-3_H2	Common	True	2617	2618	2619	2617	2618	2619	att	atc	Ile	Ile	Synonymous	SNP	96774	96775	96776
SRS-3_H2	mRNAcl	True	2848	2849	2850	2848	2849	2850	aac	aat	Asn	Asn	Synonymous	SNP	97216	97217	97218
SRS-3_H2	mRNAck	True	2848	2849	2850	2848	2849	2850	aac	aat	Asn	Asn	Synonymous	SNP	97216	97217	97218
SRS-3_H2	Common	True	2977	2978	2979	2977	2978	2979	tgc	tgt	Cys	Cys	Synonymous	SNP	103976	103977	103978
SRS-3_H2	Common	True	3388	3389	3390	3388	3389	3390	aag	aaa	Lys	Lys	Synonymous	SNP	114476	114477	114478
SRS-3_H2	Common	True	3697	3698	3699	3697	3698	3699	att	atc	Ile	Ile	Synonymous	SNP	117079	117080	117081
SRS-3_H2	Common	True	3703	3704	3705	3703	3704	3705	atc	att	Ile	Ile	Synonymous	SNP	117085	117086	117087
SRS-3_H2	Common	True	3709	3710	3711	3709	3710	3711	gcg	gcc	Ala	Ala	Synonymous	SNP	117091	117092	117093
SRS-3_H2	Common	True	4045	4046	4047	4045	4046	4047	gtt	gtc	Val	Val	Synonymous	SNP	118308	118309	118310
SRS-3_H2	Common	True	5596	5597	5598	5596	5597	5598	gac	gat	Asp	Asp	Synonymous	SNP	176810	176811	176812
SRS-3_H2	Common	True	5599	5600	5601	5599	5600	5601	tac	tat	Tyr	Tyr	Synonymous	SNP	176813	176814	176815
SRS-3_H2	Common	True	5641	5642	5643	5641	5642	5643	ggc	ggt	Gly	Gly	Synonymous	SNP	176855	176856	176857
SRS-3_H2	Common	True	5860	5861	5862	5860	5861	5862	ata	att	Ile	Ile	Synonymous	SNP	177074	177075	177076
SRS-3_H2	Common	True	6067	6068	6069	6067	6068	6069	ggt	gat	Gly	Asp	Nonsynonymous	SNP	177281	177282	177283
SRS-3_H2	Common	True	6088	6089	6090	6103	6104	6105	acg	gcg	Thr	Ala	Nonsynonymous	SNP	177302	177303	177304
SRS-3_H2	Common	True	6112	6113	6114	6127	6128	6129	aca	tca	Thr	Ser	Nonsynonymous	SNP	177326	177327	177328
SRS-4_H1	Common	True	373	374	375	373	374	375	ctt	ctc	Leu	Leu	Synonymous	SNP	29856	29857	29858
SRS-4_H1	Common	True	1084	1085	1086	1084	1085	1086	tcg	tca	Ser	Ser	Synonymous	SNP	61162	61163	61164
SRS-4_H1	Common	True	1108	1109	1110	1108	1109	1110	gcc	gcg	Ala	Ala	Synonymous	SNP	61186	61187	61188
SRS-4_H1	Common	True	1315	1316	1317	1315	1316	1317	ata	atc	Ile	Ile	Synonymous	SNP	61393	61394	61395
SRS-4_H1	Common	True	1525	1526	1527	1525	1526	1527	tcg	tcc	Ser	Ser	Synonymous	SNP	62446	62447	62448
SRS-4_H1	Common	True	2314	2315	2316	2314	2315	2316	tat	tac	Tyr	Tyr	Synonymous	SNP	96407	96408	96409
SRS-4_H1	Common	True	2317	2318	2319	2317	2318	2319	atc	att	Ile	Ile	Synonymous	SNP	96410	96411	96412
SRS-4_H1	Common	True	2431	2432	2433	2431	2432	2433	ctg	ttg	Leu	Leu	Synonymous	SNP	96524	96525	96526
SRS-4_H1	Common	True	2977	2978	2979	2977	2978	2979	tgc	tgt	Cys	Cys	Synonymous	SNP	103976	103977	103978
SRS-4_H1	Common	True	3388	3389	3390	3388	3389	3390	aag	aaa	Lys	Lys	Synonymous	SNP	114476	114477	114478
SRS-4_H1	Common	True	3754	3755	3756	3754	3755	3756	ttc	ttt	Phe	Phe	Synonymous	SNP	117136	117137	117138
SRS-4_H1	Common	True	5800	5801	5802	5800	5801	5802	acc	acg	Thr	Thr	Synonymous	SNP	177014	177015	177016
SRS-4_H1	Common	True	5860	5861	5862	5860	5861	5862	ata	att	Ile	Ile	Synonymous	SNP	177074	177075	177076
SRS-4_H1	Common	True	6148	6149	6150	6148	6149	6150	gtc	gcc	Val	Ala	Nonsynonymous	SNP	177362	177363	177364
SRS-4_H2	Common	True	1081	1082	1083	1081	1082	1083	gat	gac	Asp	Asp	Synonymous	SNP	61159	61160	61161
SRS-4_H2	Common	True	1084	1085	1086	1084	1085	1086	tcg	tca	Ser	Ser	Synonymous	SNP	61162	61163	61164
SRS-4_H2	Common	True	1108	1109	1110	1108	1109	1110	gcc	gcg	Ala	Ala	Synonymous	SNP	61186	61187	61188
SRS-4_H2	Common	True	1315	1316	1317	1315	1316	1317	ata	atc	Ile	Ile	Synonymous	SNP	61393	61394	61395
SRS-4_H2	Common	True	1525	1526	1527	1525	1526	1527	tcg	tcc	Ser	Ser	Synonymous	SNP	62446	62447	62448
SRS-4_H2	Common	True	2119	2120	2121	2119	2120	2121	gat	gac	Asp	Asp	Synonymous	SNP	82699	82700	82701
SRS-4_H2	Common	True	2449	2450	2451	2449	2450	2451	acg	aca	Thr	Thr	Synonymous	SNP	96542	96543	96544
SRS-4_H2	Common	True	2515	2516	2517	2515	2516	2517	aac	aat	Asn	Asn	Synonymous	SNP	96608	96609	96610
SRS-4_H2	Common	True	2539	2540	2541	2539	2540	2541	gca	gcc	Ala	Ala	Synonymous	SNP	96696	96697	96698
SRS-4_H2	Common	True	2617	2618	2619	2617	2618	2619	att	atc	Ile	Ile	Synonymous	SNP	96774	96775	96776
SRS-4_H2	mRNAcl	True	2848	2849	2850	2848	2849	2850	aac	aat	Asn	Asn	Synonymous	SNP	97216	97217	97218
SRS-4_H2	mRNAck	True	2848	2849	2850	2848	2849	2850	aac	aat	Asn	Asn	Synonymous	SNP	97216	97217	97218
SRS-4_H2	Common	True	2977	2978	2979	2977	2978	2979	tgc	tgt	Cys	Cys	Synonymous	SNP	103976	103977	103978
SRS-4_H2	Common	True	3388	3389	3390	3388	3389	3390	aag	aaa	Lys	Lys	Synonymous	SNP	114476	114477	114478
SRS-4_H2	Common	True	3697	3698	3699	3697	3698	3699	att	atc	Ile	Ile	Synonymous	SNP	117079	117080	117081
SRS-4_H2	Common	True	3703	3704	3705	3703	3704	3705	atc	att	Ile	Ile	Synonymous	SNP	117085	117086	117087
SRS-4_H2	Common	True	3709	3710	3711	3709	3710	3711	gcg	gcc	Ala	Ala	Synonymous	SNP	117091	117092	117093
SRS-4_H2	Common	True	4045	4046	4047	4045	4046	4047	gtt	gtc	Val	Val	Synonymous	SNP	118308	118309	118310
SRS-4_H2	Common	True	5596	5597	5598	5596	5597	5598	gac	gat	Asp	Asp	Synonymous	SNP	176810	176811	176812
SRS-4_H2	Common	True	5599	5600	5601	5599	5600	5601	tac	tat	Tyr	Tyr	Synonymous	SNP	176813	176814	176815
SRS-4_H2	Common	True	5641	5642	5643	5641	5642	5643	ggc	ggt	Gly	Gly	Synonymous	SNP	176855	176856	176857
SRS-4_H2	Common	True	5860	5861	5862	5860	5861	5862	ata	att	Ile	Ile	Synonymous	SNP	177074	177075	177076
SRS-4_H2	Common	True	6067	6068	6069	6067	6068	6069	ggt	gat	Gly	Asp	Nonsynonymous	SNP	177281	177282	177283
SRS-4_H2	Common	True	6088	6089	6090	6103	6104	6105	acg	gcg	Thr	Ala	Nonsynonymous	SNP	177302	177303	177304
SRS-4_H2	Common	True	6112	6113	6114	6127	6128	6129	aca	tca	Thr	Ser	Nonsynonymous	SNP	177326	177327	177328
Takatsuki-1_H1	Common	True	373	374	375	373	374	375	ctt	ctc	Leu	Leu	Synonymous	SNP	29856	29857	29858
Takatsuki-1_H1	Common	True	1084	1085	1086	1084	1085	1086	tcg	tca	Ser	Ser	Synonymous	SNP	61162	61163	61164
Takatsuki-1_H1	Common	True	1108	1109	1110	1108	1109	1110	gcc	gcg	Ala	Ala	Synonymous	SNP	61186	61187	61188
Takatsuki-1_H1	Common	True	1525	1526	1527	1525	1526	1527	tcg	tcc	Ser	Ser	Synonymous	SNP	62446	62447	62448
Takatsuki-1_H1	Common	True	2119	2120	2121	2119	2120	2121	gat	gac	Asp	Asp	Synonymous	SNP	82699	82700	82701
Takatsuki-1_H1	Common	True	2368	2369	2370	2368	2369	2370	ttg	tta	Leu	Leu	Synonymous	SNP	96461	96462	96463
Takatsuki-1_H1	Common	True	2386	2387	2388	2386	2387	2388	gtg	gtc	Val	Val	Synonymous	SNP	96479	96480	96481
Takatsuki-1_H1	Common	True	2617	2618	2619	2617	2618	2619	att	ata	Ile	Ile	Synonymous	SNP	96774	96775	96776
Takatsuki-1_H1	Common	True	3388	3389	3390	3388	3389	3390	aag	aaa	Lys	Lys	Synonymous	SNP	114476	114477	114478
Takatsuki-1_H1	Common	True	3697	3698	3699	3697	3698	3699	att	atc	Ile	Ile	Synonymous	SNP	117079	117080	117081
Takatsuki-1_H1	Common	True	3703	3704	3705	3703	3704	3705	atc	att	Ile	Ile	Synonymous	SNP	117085	117086	117087
Takatsuki-1_H1	Common	True	5596	5597	5598	5596	5597	5598	gac	gat	Asp	Asp	Synonymous	SNP	176810	176811	176812
Takatsuki-1_H1	Common	True	5656	5657	5658	5656	5657	5658	aga	cgc	Arg	Arg	Synonymous	MNP	176870	176871	176872
Takatsuki-1_H1	Common	True	5860	5861	5862	5860	5861	5862	ata	att	Ile	Ile	Synonymous	SNP	177074	177075	177076
Takatsuki-1_H1	Common	True	6073	6074	6075	6073	6074	6075	gat	gaa	Asp	Glu	Nonsynonymous	SNP	177287	177288	177289
Takatsuki-1_H1	Common	True	6112	6113	6114	6112	6113	6114	aca	cca	Thr	Pro	Nonsynonymous	SNP	177326	177327	177328
Takatsuki-1_H2	Common	True	373	374	375	373	374	375	ctt	ctc	Leu	Leu	Synonymous	SNP	29856	29857	29858
Takatsuki-1_H2	Common	True	1084	1085	1086	1084	1085	1086	tcg	tca	Ser	Ser	Synonymous	SNP	61162	61163	61164
Takatsuki-1_H2	Common	True	1108	1109	1110	1108	1109	1110	gcc	gcg	Ala	Ala	Synonymous	SNP	61186	61187	61188
Takatsuki-1_H2	Common	True	1525	1526	1527	1525	1526	1527	tcg	tcc	Ser	Ser	Synonymous	SNP	62446	62447	62448
Takatsuki-1_H2	Common	True	1795	1796	1797	1795	1796	1797	gat	gac	Asp	Asp	Synonymous	SNP	79162	79163	79164
Takatsuki-1_H2	Common	True	2119	2120	2121	2119	2120	2121	gat	gac	Asp	Asp	Synonymous	SNP	82699	82700	82701
Takatsuki-1_H2	Common	True	2419	2420	2421	2419	2420	2421	ctc	ctg	Leu	Leu	Synonymous	SNP	96512	96513	96514
Takatsuki-1_H2	Common	True	2449	2450	2451	2449	2450	2451	acg	aca	Thr	Thr	Synonymous	SNP	96542	96543	96544
Takatsuki-1_H2	Common	True	2575	2576	2577	2575	2576	2577	ccg	cca	Pro	Pro	Synonymous	SNP	96732	96733	96734
Takatsuki-1_H2	Common	True	2602	2603	2604	2602	2603	2604	aac	aat	Asn	Asn	Synonymous	SNP	96759	96760	96761
Takatsuki-1_H2	mRNAdk	True	2704	2705	2706	2704	2705	2706	ttc	ttt	Phe	Phe	Synonymous	SNP	97973	97974	97975
Takatsuki-1_H2	mRNAdl	True	2704	2705	2706	2704	2705	2706	ttc	ttt	Phe	Phe	Synonymous	SNP	97973	97974	97975
Takatsuki-1_H2	mRNAcl	True	2761	2762	2763	2761	2762	2763	aca	act	Thr	Thr	Synonymous	SNP	97129	97130	97131
Takatsuki-1_H2	mRNAck	True	2761	2762	2763	2761	2762	2763	aca	act	Thr	Thr	Synonymous	SNP	97129	97130	97131
Takatsuki-1_H2	Common	True	2920	2921	2922	2920	2921	2922	agc	agt	Ser	Ser	Synonymous	SNP	103919	103920	103921
Takatsuki-1_H2	Common	True	3388	3389	3390	3388	3389	3390	aag	aaa	Lys	Lys	Synonymous	SNP	114476	114477	114478
Takatsuki-1_H2	Common	True	3697	3698	3699	3697	3698	3699	att	atc	Ile	Ile	Synonymous	SNP	117079	117080	117081
Takatsuki-1_H2	Common	True	3703	3704	3705	3703	3704	3705	atc	att	Ile	Ile	Synonymous	SNP	117085	117086	117087
Takatsuki-1_H2	Common	True	3967	3968	3969	3967	3968	3969	ctg	ctc	Leu	Leu	Synonymous	SNP	118230	118231	118232
Takatsuki-1_H2	Common	True	5596	5597	5598	5596	5597	5598	gac	gat	Asp	Asp	Synonymous	SNP	176810	176811	176812
Takatsuki-1_H2	Common	True	5656	5657	5658	5656	5657	5658	aga	cgc	Arg	Arg	Synonymous	MNP	176870	176871	176872
Takatsuki-1_H2	Common	True	5860	5861	5862	5860	5861	5862	ata	att	Ile	Ile	Synonymous	SNP	177074	177075	177076
Takatsuki-1_H2	Common	True	6130	6131	6132	6139	6140	6141	gaa	gag	Glu	Glu	Synonymous	SNP	177344	177345	177346
Takatsuki-2_H1	Common	True	373	374	375	373	374	375	ctt	ctc	Leu	Leu	Synonymous	SNP	29856	29857	29858
Takatsuki-2_H1	Common	True	1084	1085	1086	1084	1085	1086	tcg	tca	Ser	Ser	Synonymous	SNP	61162	61163	61164
Takatsuki-2_H1	Common	True	1108	1109	1110	1108	1109	1110	gcc	gcg	Ala	Ala	Synonymous	SNP	61186	61187	61188
Takatsuki-2_H1	Common	True	1525	1526	1527	1525	1526	1527	tcg	tcc	Ser	Ser	Synonymous	SNP	62446	62447	62448
Takatsuki-2_H1	Common	True	1795	1796	1797	1795	1796	1797	gat	gac	Asp	Asp	Synonymous	SNP	79162	79163	79164
Takatsuki-2_H1	Common	True	2119	2120	2121	2119	2120	2121	gat	gac	Asp	Asp	Synonymous	SNP	82699	82700	82701
Takatsuki-2_H1	Common	True	2449	2450	2451	2449	2450	2451	acg	aca	Thr	Thr	Synonymous	SNP	96542	96543	96544
Takatsuki-2_H1	Common	True	2602	2603	2604	2602	2603	2604	aac	aat	Asn	Asn	Synonymous	SNP	96759	96760	96761
Takatsuki-2_H1	Common	True	2617	2618	2619	2617	2618	2619	att	ata	Ile	Ile	Synonymous	SNP	96774	96775	96776
Takatsuki-2_H1	mRNAdk	True	2704	2705	2706	2704	2705	2706	ttc	ttt	Phe	Phe	Synonymous	SNP	97973	97974	97975
Takatsuki-2_H1	mRNAdl	True	2704	2705	2706	2704	2705	2706	ttc	ttt	Phe	Phe	Synonymous	SNP	97973	97974	97975
Takatsuki-2_H1	mRNAcl	True	2761	2762	2763	2761	2762	2763	aca	act	Thr	Thr	Synonymous	SNP	97129	97130	97131
Takatsuki-2_H1	mRNAck	True	2761	2762	2763	2761	2762	2763	aca	act	Thr	Thr	Synonymous	SNP	97129	97130	97131
Takatsuki-2_H1	Common	True	2920	2921	2922	2920	2921	2922	agc	agt	Ser	Ser	Synonymous	SNP	103919	103920	103921
Takatsuki-2_H1	Common	True	3388	3389	3390	3388	3389	3390	aag	aaa	Lys	Lys	Synonymous	SNP	114476	114477	114478
Takatsuki-2_H1	Common	True	3697	3698	3699	3697	3698	3699	att	atc	Ile	Ile	Synonymous	SNP	117079	117080	117081
Takatsuki-2_H1	Common	True	3703	3704	3705	3703	3704	3705	atc	att	Ile	Ile	Synonymous	SNP	117085	117086	117087
Takatsuki-2_H1	Common	True	5596	5597	5598	5596	5597	5598	gac	gat	Asp	Asp	Synonymous	SNP	176810	176811	176812
Takatsuki-2_H1	Common	True	5656	5657	5658	5656	5657	5658	aga	cgc	Arg	Arg	Synonymous	MNP	176870	176871	176872
Takatsuki-2_H1	Common	True	5860	5861	5862	5860	5861	5862	ata	att	Ile	Ile	Synonymous	SNP	177074	177075	177076
Takatsuki-2_H1	Common	True	6130	6131	6132	6139	6140	6141	gaa	gag	Glu	Glu	Synonymous	SNP	177344	177345	177346
Takatsuki-2_H2	Common	True	373	374	375	373	374	375	ctt	ctc	Leu	Leu	Synonymous	SNP	29856	29857	29858
Takatsuki-2_H2	Common	True	1081	1082	1083	1081	1082	1083	gat	gac	Asp	Asp	Synonymous	SNP	61159	61160	61161
Takatsuki-2_H2	Common	True	1084	1085	1086	1084	1085	1086	tcg	tca	Ser	Ser	Synonymous	SNP	61162	61163	61164
Takatsuki-2_H2	Common	True	1108	1109	1110	1108	1109	1110	gcc	gcg	Ala	Ala	Synonymous	SNP	61186	61187	61188
Takatsuki-2_H2	Common	True	1315	1316	1317	1315	1316	1317	ata	atc	Ile	Ile	Synonymous	SNP	61393	61394	61395
Takatsuki-2_H2	Common	True	1513	1514	1515	1513	1514	1515	aaa	aag	Lys	Lys	Synonymous	SNP	62434	62435	62436
Takatsuki-2_H2	Common	True	2119	2120	2121	2119	2120	2121	gat	gac	Asp	Asp	Synonymous	SNP	82699	82700	82701
Takatsuki-2_H2	Common	True	2368	2369	2370	2368	2369	2370	ttg	tta	Leu	Leu	Synonymous	SNP	96461	96462	96463
Takatsuki-2_H2	Common	True	2386	2387	2388	2386	2387	2388	gtg	gtc	Val	Val	Synonymous	SNP	96479	96480	96481
Takatsuki-2_H2	Common	True	2449	2450	2451	2449	2450	2451	acg	aca	Thr	Thr	Synonymous	SNP	96542	96543	96544
Takatsuki-2_H2	mRNAdk	True	2752	2753	2754	2752	2753	2754	atg	acg	Met	Thr	Nonsynonymous	SNP	98021	98022	98023
Takatsuki-2_H2	mRNAdl	True	2752	2753	2754	2752	2753	2754	atg	acg	Met	Thr	Nonsynonymous	SNP	98021	98022	98023
Takatsuki-2_H2	Common	True	3040	3041	3042	3040	3041	3042	ctt	ttt	Leu	Phe	Nonsynonymous	SNP	104039	104040	104041
Takatsuki-2_H2	Common	True	3388	3389	3390	3388	3389	3390	aag	aaa	Lys	Lys	Synonymous	SNP	114476	114477	114478
Takatsuki-2_H2	Common	True	3697	3698	3699	3697	3698	3699	att	atc	Ile	Ile	Synonymous	SNP	117079	117080	117081
Takatsuki-2_H2	Common	True	3703	3704	3705	3703	3704	3705	atc	att	Ile	Ile	Synonymous	SNP	117085	117086	117087
Takatsuki-2_H2	Common	True	3709	3710	3711	3709	3710	3711	gcg	gcc	Ala	Ala	Synonymous	SNP	117091	117092	117093
Takatsuki-2_H2	Common	True	4045	4046	4047	4045	4046	4047	gtt	gtc	Val	Val	Synonymous	SNP	118308	118309	118310
Takatsuki-2_H2	Common	True	5596	5597	5598	5596	5597	5598	gac	gat	Asp	Asp	Synonymous	SNP	176810	176811	176812
Takatsuki-2_H2	Common	True	5641	5642	5643	5641	5642	5643	ggc	ggt	Gly	Gly	Synonymous	SNP	176855	176856	176857
Takatsuki-2_H2	Common	True	5860	5861	5862	5860	5861	5862	ata	att	Ile	Ile	Synonymous	SNP	177074	177075	177076
Takatsuki-2_H2	Common	True	6088	6089	6090	6103	6104	6105	acg	gcg	Thr	Ala	Nonsynonymous	SNP	177302	177303	177304
Takatsuki-2_H2	Common	True	6112	6113	6114	6127	6128	6129	aca	tca	Thr	Ser	Nonsynonymous	SNP	177326	177327	177328
Takatsuki-3_H1	Common	True	373	374	375	373	374	375	ctt	ctc	Leu	Leu	Synonymous	SNP	29856	29857	29858
Takatsuki-3_H1	Common	True	1084	1085	1086	1084	1085	1086	tcg	tca	Ser	Ser	Synonymous	SNP	61162	61163	61164
Takatsuki-3_H1	Common	True	1108	1109	1110	1108	1109	1110	gcc	gcg	Ala	Ala	Synonymous	SNP	61186	61187	61188
Takatsuki-3_H1	Common	True	1525	1526	1527	1525	1526	1527	tcg	tcc	Ser	Ser	Synonymous	SNP	62446	62447	62448
Takatsuki-3_H1	Common	True	1795	1796	1797	1795	1796	1797	gat	gac	Asp	Asp	Synonymous	SNP	79162	79163	79164
Takatsuki-3_H1	Common	True	2119	2120	2121	2119	2120	2121	gat	gac	Asp	Asp	Synonymous	SNP	82699	82700	82701
Takatsuki-3_H1	Common	True	2449	2450	2451	2449	2450	2451	acg	aca	Thr	Thr	Synonymous	SNP	96542	96543	96544
Takatsuki-3_H1	Common	True	2602	2603	2604	2602	2603	2604	aac	aat	Asn	Asn	Synonymous	SNP	96759	96760	96761
Takatsuki-3_H1	Common	True	2617	2618	2619	2617	2618	2619	att	ata	Ile	Ile	Synonymous	SNP	96774	96775	96776
Takatsuki-3_H1	mRNAdk	True	2704	2705	2706	2704	2705	2706	ttc	ttt	Phe	Phe	Synonymous	SNP	97973	97974	97975
Takatsuki-3_H1	mRNAdl	True	2704	2705	2706	2704	2705	2706	ttc	ttt	Phe	Phe	Synonymous	SNP	97973	97974	97975
Takatsuki-3_H1	mRNAcl	True	2761	2762	2763	2761	2762	2763	aca	act	Thr	Thr	Synonymous	SNP	97129	97130	97131
Takatsuki-3_H1	mRNAck	True	2761	2762	2763	2761	2762	2763	aca	act	Thr	Thr	Synonymous	SNP	97129	97130	97131
Takatsuki-3_H1	Common	True	2920	2921	2922	2920	2921	2922	agc	agt	Ser	Ser	Synonymous	SNP	103919	103920	103921
Takatsuki-3_H1	Common	True	3388	3389	3390	3388	3389	3390	aag	aaa	Lys	Lys	Synonymous	SNP	114476	114477	114478
Takatsuki-3_H1	Common	True	3697	3698	3699	3697	3698	3699	att	atc	Ile	Ile	Synonymous	SNP	117079	117080	117081
Takatsuki-3_H1	Common	True	3703	3704	3705	3703	3704	3705	atc	att	Ile	Ile	Synonymous	SNP	117085	117086	117087
Takatsuki-3_H1	Common	True	5596	5597	5598	5596	5597	5598	gac	gat	Asp	Asp	Synonymous	SNP	176810	176811	176812
Takatsuki-3_H1	Common	True	5656	5657	5658	5656	5657	5658	aga	cgc	Arg	Arg	Synonymous	MNP	176870	176871	176872
Takatsuki-3_H1	Common	True	5860	5861	5862	5860	5861	5862	ata	att	Ile	Ile	Synonymous	SNP	177074	177075	177076
Takatsuki-3_H1	Common	True	6130	6131	6132	6139	6140	6141	gaa	gag	Glu	Glu	Synonymous	SNP	177344	177345	177346
Takatsuki-3_H2	Common	True	373	374	375	373	374	375	ctt	ctc	Leu	Leu	Synonymous	SNP	29856	29857	29858
Takatsuki-3_H2	Common	True	1084	1085	1086	1084	1085	1086	tcg	tca	Ser	Ser	Synonymous	SNP	61162	61163	61164
Takatsuki-3_H2	Common	True	1108	1109	1110	1108	1109	1110	gcc	gcg	Ala	Ala	Synonymous	SNP	61186	61187	61188
Takatsuki-3_H2	Common	True	1525	1526	1527	1525	1526	1527	tcg	tcc	Ser	Ser	Synonymous	SNP	62446	62447	62448
Takatsuki-3_H2	Common	True	1795	1796	1797	1795	1796	1797	gat	gac	Asp	Asp	Synonymous	SNP	79162	79163	79164
Takatsuki-3_H2	Common	True	2119	2120	2121	2119	2120	2121	gat	gac	Asp	Asp	Synonymous	SNP	82699	82700	82701
Takatsuki-3_H2	Common	True	2449	2450	2451	2449	2450	2451	acg	aca	Thr	Thr	Synonymous	SNP	96542	96543	96544
Takatsuki-3_H2	Common	True	2602	2603	2604	2602	2603	2604	aac	aat	Asn	Asn	Synonymous	SNP	96759	96760	96761
Takatsuki-3_H2	Common	True	2617	2618	2619	2617	2618	2619	att	ata	Ile	Ile	Synonymous	SNP	96774	96775	96776
Takatsuki-3_H2	mRNAdk	True	2704	2705	2706	2704	2705	2706	ttc	ttt	Phe	Phe	Synonymous	SNP	97973	97974	97975
Takatsuki-3_H2	mRNAdl	True	2704	2705	2706	2704	2705	2706	ttc	ttt	Phe	Phe	Synonymous	SNP	97973	97974	97975
Takatsuki-3_H2	mRNAcl	True	2761	2762	2763	2761	2762	2763	aca	act	Thr	Thr	Synonymous	SNP	97129	97130	97131
Takatsuki-3_H2	mRNAck	True	2761	2762	2763	2761	2762	2763	aca	act	Thr	Thr	Synonymous	SNP	97129	97130	97131
Takatsuki-3_H2	Common	True	2920	2921	2922	2920	2921	2922	agc	agt	Ser	Ser	Synonymous	SNP	103919	103920	103921
Takatsuki-3_H2	Common	True	3388	3389	3390	3388	3389	3390	aag	aaa	Lys	Lys	Synonymous	SNP	114476	114477	114478
Takatsuki-3_H2	Common	True	3697	3698	3699	3697	3698	3699	att	atc	Ile	Ile	Synonymous	SNP	117079	117080	117081
Takatsuki-3_H2	Common	True	3703	3704	3705	3703	3704	3705	atc	att	Ile	Ile	Synonymous	SNP	117085	117086	117087
Takatsuki-3_H2	Common	True	5596	5597	5598	5596	5597	5598	gac	gat	Asp	Asp	Synonymous	SNP	176810	176811	176812
Takatsuki-3_H2	Common	True	5656	5657	5658	5656	5657	5658	aga	cgc	Arg	Arg	Synonymous	MNP	176870	176871	176872
Takatsuki-3_H2	Common	True	5860	5861	5862	5860	5861	5862	ata	att	Ile	Ile	Synonymous	SNP	177074	177075	177076
Takatsuki-3_H2	Common	True	6130	6131	6132	6139	6140	6141	gaa	gag	Glu	Glu	Synonymous	SNP	177344	177345	177346
Takatsuki-4_H1	Common	True	373	374	375	373	374	375	ctt	ctc	Leu	Leu	Synonymous	SNP	29856	29857	29858
Takatsuki-4_H1	Common	True	1081	1082	1083	1081	1082	1083	gat	gac	Asp	Asp	Synonymous	SNP	61159	61160	61161
Takatsuki-4_H1	Common	True	1084	1085	1086	1084	1085	1086	tcg	tca	Ser	Ser	Synonymous	SNP	61162	61163	61164
Takatsuki-4_H1	Common	True	1108	1109	1110	1108	1109	1110	gcc	gcg	Ala	Ala	Synonymous	SNP	61186	61187	61188
Takatsuki-4_H1	Common	True	1315	1316	1317	1315	1316	1317	ata	atc	Ile	Ile	Synonymous	SNP	61393	61394	61395
Takatsuki-4_H1	Common	True	1513	1514	1515	1513	1514	1515	aaa	aag	Lys	Lys	Synonymous	SNP	62434	62435	62436
Takatsuki-4_H1	Common	True	2119	2120	2121	2119	2120	2121	gat	gac	Asp	Asp	Synonymous	SNP	82699	82700	82701
Takatsuki-4_H1	Common	True	2368	2369	2370	2368	2369	2370	ttg	tta	Leu	Leu	Synonymous	SNP	96461	96462	96463
Takatsuki-4_H1	Common	True	2386	2387	2388	2386	2387	2388	gtg	gtc	Val	Val	Synonymous	SNP	96479	96480	96481
Takatsuki-4_H1	Common	True	2449	2450	2451	2449	2450	2451	acg	aca	Thr	Thr	Synonymous	SNP	96542	96543	96544
Takatsuki-4_H1	mRNAdk	True	2752	2753	2754	2752	2753	2754	atg	acg	Met	Thr	Nonsynonymous	SNP	98021	98022	98023
Takatsuki-4_H1	mRNAdl	True	2752	2753	2754	2752	2753	2754	atg	acg	Met	Thr	Nonsynonymous	SNP	98021	98022	98023
Takatsuki-4_H1	Common	True	3040	3041	3042	3040	3041	3042	ctt	ttt	Leu	Phe	Nonsynonymous	SNP	104039	104040	104041
Takatsuki-4_H1	Common	True	3388	3389	3390	3388	3389	3390	aag	aaa	Lys	Lys	Synonymous	SNP	114476	114477	114478
Takatsuki-4_H1	Common	True	3697	3698	3699	3697	3698	3699	att	atc	Ile	Ile	Synonymous	SNP	117079	117080	117081
Takatsuki-4_H1	Common	True	3703	3704	3705	3703	3704	3705	atc	att	Ile	Ile	Synonymous	SNP	117085	117086	117087
Takatsuki-4_H1	Common	True	3709	3710	3711	3709	3710	3711	gcg	gcc	Ala	Ala	Synonymous	SNP	117091	117092	117093
Takatsuki-4_H1	Common	True	4045	4046	4047	4045	4046	4047	gtt	gtc	Val	Val	Synonymous	SNP	118308	118309	118310
Takatsuki-4_H1	Common	True	5596	5597	5598	5596	5597	5598	gac	gat	Asp	Asp	Synonymous	SNP	176810	176811	176812
Takatsuki-4_H1	Common	True	5641	5642	5643	5641	5642	5643	ggc	ggt	Gly	Gly	Synonymous	SNP	176855	176856	176857
Takatsuki-4_H1	Common	True	5860	5861	5862	5860	5861	5862	ata	att	Ile	Ile	Synonymous	SNP	177074	177075	177076
Takatsuki-4_H1	Common	True	6088	6089	6090	6103	6104	6105	acg	gcg	Thr	Ala	Nonsynonymous	SNP	177302	177303	177304
Takatsuki-4_H1	Common	True	6112	6113	6114	6127	6128	6129	aca	tca	Thr	Ser	Nonsynonymous	SNP	177326	177327	177328
Takatsuki-4_H2	Common	True	373	374	375	373	374	375	ctt	ctc	Leu	Leu	Synonymous	SNP	29856	29857	29858
Takatsuki-4_H2	Common	True	1081	1082	1083	1081	1082	1083	gat	gac	Asp	Asp	Synonymous	SNP	61159	61160	61161
Takatsuki-4_H2	Common	True	1084	1085	1086	1084	1085	1086	tcg	tca	Ser	Ser	Synonymous	SNP	61162	61163	61164
Takatsuki-4_H2	Common	True	1108	1109	1110	1108	1109	1110	gcc	gcg	Ala	Ala	Synonymous	SNP	61186	61187	61188
Takatsuki-4_H2	Common	True	1315	1316	1317	1315	1316	1317	ata	atc	Ile	Ile	Synonymous	SNP	61393	61394	61395
Takatsuki-4_H2	Common	True	1513	1514	1515	1513	1514	1515	aaa	aag	Lys	Lys	Synonymous	SNP	62434	62435	62436
Takatsuki-4_H2	Common	True	2119	2120	2121	2119	2120	2121	gat	gac	Asp	Asp	Synonymous	SNP	82699	82700	82701
Takatsuki-4_H2	Common	True	2368	2369	2370	2368	2369	2370	ttg	tta	Leu	Leu	Synonymous	SNP	96461	96462	96463
Takatsuki-4_H2	Common	True	2386	2387	2388	2386	2387	2388	gtg	gtc	Val	Val	Synonymous	SNP	96479	96480	96481
Takatsuki-4_H2	Common	True	2449	2450	2451	2449	2450	2451	acg	aca	Thr	Thr	Synonymous	SNP	96542	96543	96544
Takatsuki-4_H2	mRNAdk	True	2752	2753	2754	2752	2753	2754	atg	acg	Met	Thr	Nonsynonymous	SNP	98021	98022	98023
Takatsuki-4_H2	mRNAdl	True	2752	2753	2754	2752	2753	2754	atg	acg	Met	Thr	Nonsynonymous	SNP	98021	98022	98023
Takatsuki-4_H2	Common	True	3040	3041	3042	3040	3041	3042	ctt	ttt	Leu	Phe	Nonsynonymous	SNP	104039	104040	104041
Takatsuki-4_H2	Common	True	3388	3389	3390	3388	3389	3390	aag	aaa	Lys	Lys	Synonymous	SNP	114476	114477	114478
Takatsuki-4_H2	Common	True	3697	3698	3699	3697	3698	3699	att	atc	Ile	Ile	Synonymous	SNP	117079	117080	117081
Takatsuki-4_H2	Common	True	3703	3704	3705	3703	3704	3705	atc	att	Ile	Ile	Synonymous	SNP	117085	117086	117087
Takatsuki-4_H2	Common	True	3709	3710	3711	3709	3710	3711	gcg	gcc	Ala	Ala	Synonymous	SNP	117091	117092	117093
Takatsuki-4_H2	Common	True	4045	4046	4047	4045	4046	4047	gtt	gtc	Val	Val	Synonymous	SNP	118308	118309	118310
Takatsuki-4_H2	Common	True	5596	5597	5598	5596	5597	5598	gac	gat	Asp	Asp	Synonymous	SNP	176810	176811	176812
Takatsuki-4_H2	Common	True	5641	5642	5643	5641	5642	5643	ggc	ggt	Gly	Gly	Synonymous	SNP	176855	176856	176857
Takatsuki-4_H2	Common	True	5860	5861	5862	5860	5861	5862	ata	att	Ile	Ile	Synonymous	SNP	177074	177075	177076
Takatsuki-4_H2	Common	True	6088	6089	6090	6103	6104	6105	acg	gcg	Thr	Ala	Nonsynonymous	SNP	177302	177303	177304
Takatsuki-4_H2	Common	True	6112	6113	6114	6127	6128	6129	aca	tca	Thr	Ser	Nonsynonymous	SNP	177326	177327	177328
TypeD-1_H1	Common	True	1081	1082	1083	1081	1082	1083	gat	gac	Asp	Asp	Synonymous	SNP	61159	61160	61161
TypeD-1_H1	Common	True	1084	1085	1086	1084	1085	1086	tcg	tca	Ser	Ser	Synonymous	SNP	61162	61163	61164
TypeD-1_H1	Common	True	1108	1109	1110	1108	1109	1110	gcc	gcg	Ala	Ala	Synonymous	SNP	61186	61187	61188
TypeD-1_H1	Common	True	2539	2540	2541	2539	2540	2541	gca	gcg	Ala	Ala	Synonymous	SNP	96696	96697	96698
TypeD-1_H1	Common	True	2590	2591	2592	2590	2591	2592	cag	caa	Gln	Gln	Synonymous	SNP	96747	96748	96749
TypeD-1_H1	mRNAdk	True	2752	2753	2754	2752	2753	2754	atg	acg	Met	Thr	Nonsynonymous	SNP	98021	98022	98023
TypeD-1_H1	mRNAdl	True	2752	2753	2754	2752	2753	2754	atg	acg	Met	Thr	Nonsynonymous	SNP	98021	98022	98023
TypeD-1_H1	Common	True	2857	2858	2859	2857	2858	2859	gac	gat	Asp	Asp	Synonymous	SNP	97225	103857	103858
TypeD-1_H1	Common	True	3040	3041	3042	3040	3041	3042	ctt	ttt	Leu	Phe	Nonsynonymous	SNP	104039	104040	104041
TypeD-1_H1	Common	True	3697	3698	3699	3697	3698	3699	att	atc	Ile	Ile	Synonymous	SNP	117079	117080	117081
TypeD-1_H1	Common	True	3703	3704	3705	3703	3704	3705	atc	att	Ile	Ile	Synonymous	SNP	117085	117086	117087
TypeD-1_H1	Common	True	3709	3710	3711	3709	3710	3711	gcg	gcc	Ala	Ala	Synonymous	SNP	117091	117092	117093
TypeD-1_H1	Common	True	3754	3755	3756	3754	3755	3756	ttc	ttt	Phe	Phe	Synonymous	SNP	117136	117137	117138
TypeD-1_H1	Common	True	5596	5597	5598	5596	5597	5598	gac	gat	Asp	Asp	Synonymous	SNP	176810	176811	176812
TypeD-1_H1	Common	True	5656	5657	5658	5656	5657	5658	aga	cgc	Arg	Arg	Synonymous	MNP	176870	176871	176872
TypeD-1_H1	Common	True	5677	5678	5679	5677	5678	5679	ttc	ttt	Phe	Phe	Synonymous	SNP	176891	176892	176893
TypeD-1_H1	Common	True	6007	6008	6009	6007	6008	6009	gct	gat	Ala	Asp	Nonsynonymous	SNP	177221	177222	177223
TypeD-1_H1	Common	True	6148	6149	6150	6148	6149	6150	gtc	gcc	Val	Ala	Nonsynonymous	SNP	177362	177363	177364
TypeD-1_H2	Common	True	1081	1082	1083	1081	1082	1083	gat	gac	Asp	Asp	Synonymous	SNP	61159	61160	61161
TypeD-1_H2	Common	True	1084	1085	1086	1084	1085	1086	tcg	tca	Ser	Ser	Synonymous	SNP	61162	61163	61164
TypeD-1_H2	Common	True	1108	1109	1110	1108	1109	1110	gcc	gcg	Ala	Ala	Synonymous	SNP	61186	61187	61188
TypeD-1_H2	Common	True	2539	2540	2541	2539	2540	2541	gca	gcg	Ala	Ala	Synonymous	SNP	96696	96697	96698
TypeD-1_H2	Common	True	2590	2591	2592	2590	2591	2592	cag	caa	Gln	Gln	Synonymous	SNP	96747	96748	96749
TypeD-1_H2	mRNAdk	True	2752	2753	2754	2752	2753	2754	atg	acg	Met	Thr	Nonsynonymous	SNP	98021	98022	98023
TypeD-1_H2	mRNAdl	True	2752	2753	2754	2752	2753	2754	atg	acg	Met	Thr	Nonsynonymous	SNP	98021	98022	98023
TypeD-1_H2	Common	True	2857	2858	2859	2857	2858	2859	gac	gat	Asp	Asp	Synonymous	SNP	97225	103857	103858
TypeD-1_H2	Common	True	3040	3041	3042	3040	3041	3042	ctt	ttt	Leu	Phe	Nonsynonymous	SNP	104039	104040	104041
TypeD-1_H2	Common	True	3697	3698	3699	3697	3698	3699	att	atc	Ile	Ile	Synonymous	SNP	117079	117080	117081
TypeD-1_H2	Common	True	3703	3704	3705	3703	3704	3705	atc	att	Ile	Ile	Synonymous	SNP	117085	117086	117087
TypeD-1_H2	Common	True	3709	3710	3711	3709	3710	3711	gcg	gcc	Ala	Ala	Synonymous	SNP	117091	117092	117093
TypeD-1_H2	Common	True	3754	3755	3756	3754	3755	3756	ttc	ttt	Phe	Phe	Synonymous	SNP	117136	117137	117138
TypeD-1_H2	Common	True	5596	5597	5598	5596	5597	5598	gac	gat	Asp	Asp	Synonymous	SNP	176810	176811	176812
TypeD-1_H2	Common	True	5656	5657	5658	5656	5657	5658	aga	cgc	Arg	Arg	Synonymous	MNP	176870	176871	176872
TypeD-1_H2	Common	True	5677	5678	5679	5677	5678	5679	ttc	ttt	Phe	Phe	Synonymous	SNP	176891	176892	176893
TypeD-1_H2	Common	True	6007	6008	6009	6007	6008	6009	gct	gat	Ala	Asp	Nonsynonymous	SNP	177221	177222	177223
TypeD-1_H2	Common	True	6148	6149	6150	6148	6149	6150	gtc	gcc	Val	Ala	Nonsynonymous	SNP	177362	177363	177364
TypeD-2_H1	Common	True	1081	1082	1083	1081	1082	1083	gat	gac	Asp	Asp	Synonymous	SNP	61159	61160	61161
TypeD-2_H1	Common	True	1084	1085	1086	1084	1085	1086	tcg	tca	Ser	Ser	Synonymous	SNP	61162	61163	61164
TypeD-2_H1	Common	True	1108	1109	1110	1108	1109	1110	gcc	gcg	Ala	Ala	Synonymous	SNP	61186	61187	61188
TypeD-2_H1	Common	True	2539	2540	2541	2539	2540	2541	gca	gcg	Ala	Ala	Synonymous	SNP	96696	96697	96698
TypeD-2_H1	Common	True	2590	2591	2592	2590	2591	2592	cag	caa	Gln	Gln	Synonymous	SNP	96747	96748	96749
TypeD-2_H1	mRNAdk	True	2752	2753	2754	2752	2753	2754	atg	acg	Met	Thr	Nonsynonymous	SNP	98021	98022	98023
TypeD-2_H1	mRNAdl	True	2752	2753	2754	2752	2753	2754	atg	acg	Met	Thr	Nonsynonymous	SNP	98021	98022	98023
TypeD-2_H1	Common	True	2857	2858	2859	2857	2858	2859	gac	gat	Asp	Asp	Synonymous	SNP	97225	103857	103858
TypeD-2_H1	Common	True	3040	3041	3042	3040	3041	3042	ctt	ttt	Leu	Phe	Nonsynonymous	SNP	104039	104040	104041
TypeD-2_H1	Common	True	3697	3698	3699	3697	3698	3699	att	atc	Ile	Ile	Synonymous	SNP	117079	117080	117081
TypeD-2_H1	Common	True	3703	3704	3705	3703	3704	3705	atc	att	Ile	Ile	Synonymous	SNP	117085	117086	117087
TypeD-2_H1	Common	True	3709	3710	3711	3709	3710	3711	gcg	gcc	Ala	Ala	Synonymous	SNP	117091	117092	117093
TypeD-2_H1	Common	True	3754	3755	3756	3754	3755	3756	ttc	ttt	Phe	Phe	Synonymous	SNP	117136	117137	117138
TypeD-2_H1	Common	True	5596	5597	5598	5596	5597	5598	gac	gat	Asp	Asp	Synonymous	SNP	176810	176811	176812
TypeD-2_H1	Common	True	5656	5657	5658	5656	5657	5658	aga	cgc	Arg	Arg	Synonymous	MNP	176870	176871	176872
TypeD-2_H1	Common	True	5677	5678	5679	5677	5678	5679	ttc	ttt	Phe	Phe	Synonymous	SNP	176891	176892	176893
TypeD-2_H1	Common	True	6007	6008	6009	6007	6008	6009	gct	gat	Ala	Asp	Nonsynonymous	SNP	177221	177222	177223
TypeD-2_H1	Common	True	6148	6149	6150	6148	6149	6150	gtc	gcc	Val	Ala	Nonsynonymous	SNP	177362	177363	177364
TypeD-2_H2	Common	True	1081	1082	1083	1081	1082	1083	gat	gac	Asp	Asp	Synonymous	SNP	61159	61160	61161
TypeD-2_H2	Common	True	1084	1085	1086	1084	1085	1086	tcg	tca	Ser	Ser	Synonymous	SNP	61162	61163	61164
TypeD-2_H2	Common	True	1108	1109	1110	1108	1109	1110	gcc	gcg	Ala	Ala	Synonymous	SNP	61186	61187	61188
TypeD-2_H2	Common	True	2539	2540	2541	2539	2540	2541	gca	gcg	Ala	Ala	Synonymous	SNP	96696	96697	96698
TypeD-2_H2	Common	True	2590	2591	2592	2590	2591	2592	cag	caa	Gln	Gln	Synonymous	SNP	96747	96748	96749
TypeD-2_H2	mRNAdk	True	2752	2753	2754	2752	2753	2754	atg	acg	Met	Thr	Nonsynonymous	SNP	98021	98022	98023
TypeD-2_H2	mRNAdl	True	2752	2753	2754	2752	2753	2754	atg	acg	Met	Thr	Nonsynonymous	SNP	98021	98022	98023
TypeD-2_H2	Common	True	2857	2858	2859	2857	2858	2859	gac	gat	Asp	Asp	Synonymous	SNP	97225	103857	103858
TypeD-2_H2	Common	True	3040	3041	3042	3040	3041	3042	ctt	ttt	Leu	Phe	Nonsynonymous	SNP	104039	104040	104041
TypeD-2_H2	Common	True	3697	3698	3699	3697	3698	3699	att	atc	Ile	Ile	Synonymous	SNP	117079	117080	117081
TypeD-2_H2	Common	True	3703	3704	3705	3703	3704	3705	atc	att	Ile	Ile	Synonymous	SNP	117085	117086	117087
TypeD-2_H2	Common	True	3709	3710	3711	3709	3710	3711	gcg	gcc	Ala	Ala	Synonymous	SNP	117091	117092	117093
TypeD-2_H2	Common	True	3754	3755	3756	3754	3755	3756	ttc	ttt	Phe	Phe	Synonymous	SNP	117136	117137	117138
TypeD-2_H2	Common	True	5596	5597	5598	5596	5597	5598	gac	gat	Asp	Asp	Synonymous	SNP	176810	176811	176812
TypeD-2_H2	Common	True	5656	5657	5658	5656	5657	5658	aga	cgc	Arg	Arg	Synonymous	MNP	176870	176871	176872
TypeD-2_H2	Common	True	5677	5678	5679	5677	5678	5679	ttc	ttt	Phe	Phe	Synonymous	SNP	176891	176892	176893
TypeD-2_H2	Common	True	6007	6008	6009	6007	6008	6009	gct	gat	Ala	Asp	Nonsynonymous	SNP	177221	177222	177223
TypeD-2_H2	Common	True	6148	6149	6150	6148	6149	6150	gtc	gcc	Val	Ala	Nonsynonymous	SNP	177362	177363	177364
TypeD-3_H1	Common	True	1081	1082	1083	1081	1082	1083	gat	gac	Asp	Asp	Synonymous	SNP	61159	61160	61161
TypeD-3_H1	Common	True	1084	1085	1086	1084	1085	1086	tcg	tca	Ser	Ser	Synonymous	SNP	61162	61163	61164
TypeD-3_H1	Common	True	1108	1109	1110	1108	1109	1110	gcc	gcg	Ala	Ala	Synonymous	SNP	61186	61187	61188
TypeD-3_H1	Common	True	2539	2540	2541	2539	2540	2541	gca	gcg	Ala	Ala	Synonymous	SNP	96696	96697	96698
TypeD-3_H1	Common	True	2590	2591	2592	2590	2591	2592	cag	caa	Gln	Gln	Synonymous	SNP	96747	96748	96749
TypeD-3_H1	mRNAdk	True	2752	2753	2754	2752	2753	2754	atg	acg	Met	Thr	Nonsynonymous	SNP	98021	98022	98023
TypeD-3_H1	mRNAdl	True	2752	2753	2754	2752	2753	2754	atg	acg	Met	Thr	Nonsynonymous	SNP	98021	98022	98023
TypeD-3_H1	Common	True	2857	2858	2859	2857	2858	2859	gac	gat	Asp	Asp	Synonymous	SNP	97225	103857	103858
TypeD-3_H1	Common	True	3040	3041	3042	3040	3041	3042	ctt	ttt	Leu	Phe	Nonsynonymous	SNP	104039	104040	104041
TypeD-3_H1	Common	True	3697	3698	3699	3697	3698	3699	att	atc	Ile	Ile	Synonymous	SNP	117079	117080	117081
TypeD-3_H1	Common	True	3703	3704	3705	3703	3704	3705	atc	att	Ile	Ile	Synonymous	SNP	117085	117086	117087
TypeD-3_H1	Common	True	3709	3710	3711	3709	3710	3711	gcg	gcc	Ala	Ala	Synonymous	SNP	117091	117092	117093
TypeD-3_H1	Common	True	3754	3755	3756	3754	3755	3756	ttc	ttt	Phe	Phe	Synonymous	SNP	117136	117137	117138
TypeD-3_H1	Common	True	5596	5597	5598	5596	5597	5598	gac	gat	Asp	Asp	Synonymous	SNP	176810	176811	176812
TypeD-3_H1	Common	True	5656	5657	5658	5656	5657	5658	aga	cgc	Arg	Arg	Synonymous	MNP	176870	176871	176872
TypeD-3_H1	Common	True	5677	5678	5679	5677	5678	5679	ttc	ttt	Phe	Phe	Synonymous	SNP	176891	176892	176893
TypeD-3_H1	Common	True	6007	6008	6009	6007	6008	6009	gct	gat	Ala	Asp	Nonsynonymous	SNP	177221	177222	177223
TypeD-3_H1	Common	True	6148	6149	6150	6148	6149	6150	gtc	gcc	Val	Ala	Nonsynonymous	SNP	177362	177363	177364
TypeD-3_H2	Common	True	1081	1082	1083	1081	1082	1083	gat	gac	Asp	Asp	Synonymous	SNP	61159	61160	61161
TypeD-3_H2	Common	True	1084	1085	1086	1084	1085	1086	tcg	tca	Ser	Ser	Synonymous	SNP	61162	61163	61164
TypeD-3_H2	Common	True	1108	1109	1110	1108	1109	1110	gcc	gcg	Ala	Ala	Synonymous	SNP	61186	61187	61188
TypeD-3_H2	Common	True	2539	2540	2541	2539	2540	2541	gca	gcg	Ala	Ala	Synonymous	SNP	96696	96697	96698
TypeD-3_H2	Common	True	2590	2591	2592	2590	2591	2592	cag	caa	Gln	Gln	Synonymous	SNP	96747	96748	96749
TypeD-3_H2	mRNAdk	True	2752	2753	2754	2752	2753	2754	atg	acg	Met	Thr	Nonsynonymous	SNP	98021	98022	98023
TypeD-3_H2	mRNAdl	True	2752	2753	2754	2752	2753	2754	atg	acg	Met	Thr	Nonsynonymous	SNP	98021	98022	98023
TypeD-3_H2	Common	True	2857	2858	2859	2857	2858	2859	gac	gat	Asp	Asp	Synonymous	SNP	97225	103857	103858
TypeD-3_H2	Common	True	3040	3041	3042	3040	3041	3042	ctt	ttt	Leu	Phe	Nonsynonymous	SNP	104039	104040	104041
TypeD-3_H2	Common	True	3697	3698	3699	3697	3698	3699	att	atc	Ile	Ile	Synonymous	SNP	117079	117080	117081
TypeD-3_H2	Common	True	3703	3704	3705	3703	3704	3705	atc	att	Ile	Ile	Synonymous	SNP	117085	117086	117087
TypeD-3_H2	Common	True	3709	3710	3711	3709	3710	3711	gcg	gcc	Ala	Ala	Synonymous	SNP	117091	117092	117093
TypeD-3_H2	Common	True	3754	3755	3756	3754	3755	3756	ttc	ttt	Phe	Phe	Synonymous	SNP	117136	117137	117138
TypeD-3_H2	Common	True	5596	5597	5598	5596	5597	5598	gac	gat	Asp	Asp	Synonymous	SNP	176810	176811	176812
TypeD-3_H2	Common	True	5656	5657	5658	5656	5657	5658	aga	cgc	Arg	Arg	Synonymous	MNP	176870	176871	176872
TypeD-3_H2	Common	True	5677	5678	5679	5677	5678	5679	ttc	ttt	Phe	Phe	Synonymous	SNP	176891	176892	176893
TypeD-3_H2	Common	True	6007	6008	6009	6007	6008	6009	gct	gat	Ala	Asp	Nonsynonymous	SNP	177221	177222	177223
TypeD-3_H2	Common	True	6148	6149	6150	6148	6149	6150	gtc	gcc	Val	Ala	Nonsynonymous	SNP	177362	177363	177364
TypeD-4_H1	Common	True	1081	1082	1083	1081	1082	1083	gat	gac	Asp	Asp	Synonymous	SNP	61159	61160	61161
TypeD-4_H1	Common	True	1084	1085	1086	1084	1085	1086	tcg	tca	Ser	Ser	Synonymous	SNP	61162	61163	61164
TypeD-4_H1	Common	True	1108	1109	1110	1108	1109	1110	gcc	gcg	Ala	Ala	Synonymous	SNP	61186	61187	61188
TypeD-4_H1	Common	True	2539	2540	2541	2539	2540	2541	gca	gcg	Ala	Ala	Synonymous	SNP	96696	96697	96698
TypeD-4_H1	Common	True	2590	2591	2592	2590	2591	2592	cag	caa	Gln	Gln	Synonymous	SNP	96747	96748	96749
TypeD-4_H1	mRNAdk	True	2752	2753	2754	2752	2753	2754	atg	acg	Met	Thr	Nonsynonymous	SNP	98021	98022	98023
TypeD-4_H1	mRNAdl	True	2752	2753	2754	2752	2753	2754	atg	acg	Met	Thr	Nonsynonymous	SNP	98021	98022	98023
TypeD-4_H1	Common	True	2857	2858	2859	2857	2858	2859	gac	gat	Asp	Asp	Synonymous	SNP	97225	103857	103858
TypeD-4_H1	Common	True	3040	3041	3042	3040	3041	3042	ctt	ttt	Leu	Phe	Nonsynonymous	SNP	104039	104040	104041
TypeD-4_H1	Common	True	3697	3698	3699	3697	3698	3699	att	atc	Ile	Ile	Synonymous	SNP	117079	117080	117081
TypeD-4_H1	Common	True	3703	3704	3705	3703	3704	3705	atc	att	Ile	Ile	Synonymous	SNP	117085	117086	117087
TypeD-4_H1	Common	True	3709	3710	3711	3709	3710	3711	gcg	gcc	Ala	Ala	Synonymous	SNP	117091	117092	117093
TypeD-4_H1	Common	True	3754	3755	3756	3754	3755	3756	ttc	ttt	Phe	Phe	Synonymous	SNP	117136	117137	117138
TypeD-4_H1	Common	True	5596	5597	5598	5596	5597	5598	gac	gat	Asp	Asp	Synonymous	SNP	176810	176811	176812
TypeD-4_H1	Common	True	5656	5657	5658	5656	5657	5658	aga	cgc	Arg	Arg	Synonymous	MNP	176870	176871	176872
TypeD-4_H1	Common	True	5677	5678	5679	5677	5678	5679	ttc	ttt	Phe	Phe	Synonymous	SNP	176891	176892	176893
TypeD-4_H1	Common	True	6007	6008	6009	6007	6008	6009	gct	gat	Ala	Asp	Nonsynonymous	SNP	177221	177222	177223
TypeD-4_H1	Common	True	6148	6149	6150	6148	6149	6150	gtc	gcc	Val	Ala	Nonsynonymous	SNP	177362	177363	177364
TypeD-4_H2	Common	True	1081	1082	1083	1081	1082	1083	gat	gac	Asp	Asp	Synonymous	SNP	61159	61160	61161
TypeD-4_H2	Common	True	1084	1085	1086	1084	1085	1086	tcg	tca	Ser	Ser	Synonymous	SNP	61162	61163	61164
TypeD-4_H2	Common	True	1108	1109	1110	1108	1109	1110	gcc	gcg	Ala	Ala	Synonymous	SNP	61186	61187	61188
TypeD-4_H2	Common	True	2539	2540	2541	2539	2540	2541	gca	gcg	Ala	Ala	Synonymous	SNP	96696	96697	96698
TypeD-4_H2	Common	True	2590	2591	2592	2590	2591	2592	cag	caa	Gln	Gln	Synonymous	SNP	96747	96748	96749
TypeD-4_H2	mRNAdk	True	2752	2753	2754	2752	2753	2754	atg	acg	Met	Thr	Nonsynonymous	SNP	98021	98022	98023
TypeD-4_H2	mRNAdl	True	2752	2753	2754	2752	2753	2754	atg	acg	Met	Thr	Nonsynonymous	SNP	98021	98022	98023
TypeD-4_H2	Common	True	2857	2858	2859	2857	2858	2859	gac	gat	Asp	Asp	Synonymous	SNP	97225	103857	103858
TypeD-4_H2	Common	True	3040	3041	3042	3040	3041	3042	ctt	ttt	Leu	Phe	Nonsynonymous	SNP	104039	104040	104041
TypeD-4_H2	Common	True	3697	3698	3699	3697	3698	3699	att	atc	Ile	Ile	Synonymous	SNP	117079	117080	117081
TypeD-4_H2	Common	True	3703	3704	3705	3703	3704	3705	atc	att	Ile	Ile	Synonymous	SNP	117085	117086	117087
TypeD-4_H2	Common	True	3709	3710	3711	3709	3710	3711	gcg	gcc	Ala	Ala	Synonymous	SNP	117091	117092	117093
TypeD-4_H2	Common	True	3754	3755	3756	3754	3755	3756	ttc	ttt	Phe	Phe	Synonymous	SNP	117136	117137	117138
TypeD-4_H2	Common	True	5596	5597	5598	5596	5597	5598	gac	gat	Asp	Asp	Synonymous	SNP	176810	176811	176812
TypeD-4_H2	Common	True	5656	5657	5658	5656	5657	5658	aga	cgc	Arg	Arg	Synonymous	MNP	176870	176871	176872
TypeD-4_H2	Common	True	5677	5678	5679	5677	5678	5679	ttc	ttt	Phe	Phe	Synonymous	SNP	176891	176892	176893
TypeD-4_H2	Common	True	6007	6008	6009	6007	6008	6009	gct	gat	Ala	Asp	Nonsynonymous	SNP	177221	177222	177223
TypeD-4_H2	Common	True	6148	6149	6150	6148	6149	6150	gtc	gcc	Val	Ala	Nonsynonymous	SNP	177362	177363	177364
