Sample	Transcript	Valid_translation	Ref_CDS_pos1	Ref_CDS_pos2	Ref_CDS_pos3	CDS_pos1	CDS_pos2	CDS_pos3	Ref_codon	Sample_codon	Ref_AA	Sample_AA	Mutation_type	Variant_type
Chubo-1_H1	Common	True	373	374	375	373	374	375	ctt	ctc	Leu	Leu	Synonymous	SNP
Chubo-1_H1	Common	True	1081	1082	1083	1081	1082	1083	gat	gac	Asp	Asp	Synonymous	SNP
Chubo-1_H1	Common	True	1084	1085	1086	1084	1085	1086	tcg	tca	Ser	Ser	Synonymous	SNP
Chubo-1_H1	Common	True	1108	1109	1110	1108	1109	1110	gcc	gcg	Ala	Ala	Synonymous	SNP
Chubo-1_H1	Common	True	1315	1316	1317	1315	1316	1317	ata	atc	Ile	Ile	Synonymous	SNP
Chubo-1_H1	Common	True	1513	1514	1515	1513	1514	1515	aaa	aag	Lys	Lys	Synonymous	SNP
Chubo-1_H1	Common	True	2119	2120	2121	2119	2120	2121	gat	gac	Asp	Asp	Synonymous	SNP
Chubo-1_H1	Common	True	2368	2369	2370	2368	2369	2370	ttg	tta	Leu	Leu	Synonymous	SNP
Chubo-1_H1	Common	True	2386	2387	2388	2386	2387	2388	gtg	gtc	Val	Val	Synonymous	SNP
Chubo-1_H1	Common	True	2449	2450	2451	2449	2450	2451	acg	aca	Thr	Thr	Synonymous	SNP
Chubo-1_H1	mRNAdk	True	2752	2753	2754	2752	2753	2754	atg	acg	Met	Thr	Nonsynonymous	SNP
Chubo-1_H1	mRNAdl	True	2752	2753	2754	2752	2753	2754	atg	acg	Met	Thr	Nonsynonymous	SNP
Chubo-1_H1	Common	True	3040	3041	3042	3040	3041	3042	ctt	ttt	Leu	Phe	Nonsynonymous	SNP
Chubo-1_H1	Common	True	3388	3389	3390	3388	3389	3390	aag	aaa	Lys	Lys	Synonymous	SNP
Chubo-1_H1	Common	True	3697	3698	3699	3697	3698	3699	att	atc	Ile	Ile	Synonymous	SNP
Chubo-1_H1	Common	True	3703	3704	3705	3703	3704	3705	atc	att	Ile	Ile	Synonymous	SNP
Chubo-1_H1	Common	True	3709	3710	3711	3709	3710	3711	gcg	gcc	Ala	Ala	Synonymous	SNP
Chubo-1_H1	Common	True	4045	4046	4047	4045	4046	4047	gtt	gtc	Val	Val	Synonymous	SNP
Chubo-1_H1	Common	True	5596	5597	5598	5596	5597	5598	gac	gat	Asp	Asp	Synonymous	SNP
Chubo-1_H1	Common	True	5641	5642	5643	5641	5642	5643	ggc	ggt	Gly	Gly	Synonymous	SNP
Chubo-1_H1	Common	True	5860	5861	5862	5860	5861	5862	ata	att	Ile	Ile	Synonymous	SNP
Chubo-1_H1	Common	True	6088	6089	6090	6103	6104	6105	acg	gcg	Thr	Ala	Nonsynonymous	SNP
Chubo-1_H1	Common	True	6112	6113	6114	6127	6128	6129	aca	tca	Thr	Ser	Nonsynonymous	SNP
Chubo-1_H2	Common	True	373	374	375	373	374	375	ctt	ctc	Leu	Leu	Synonymous	SNP
Chubo-1_H2	Common	True	1081	1082	1083	1081	1082	1083	gat	gac	Asp	Asp	Synonymous	SNP
Chubo-1_H2	Common	True	1084	1085	1086	1084	1085	1086	tcg	tca	Ser	Ser	Synonymous	SNP
Chubo-1_H2	Common	True	1108	1109	1110	1108	1109	1110	gcc	gcg	Ala	Ala	Synonymous	SNP
Chubo-1_H2	Common	True	1315	1316	1317	1315	1316	1317	ata	atc	Ile	Ile	Synonymous	SNP
Chubo-1_H2	Common	True	1513	1514	1515	1513	1514	1515	aaa	aag	Lys	Lys	Synonymous	SNP
Chubo-1_H2	Common	True	2119	2120	2121	2119	2120	2121	gat	gac	Asp	Asp	Synonymous	SNP
Chubo-1_H2	Common	True	2368	2369	2370	2368	2369	2370	ttg	tta	Leu	Leu	Synonymous	SNP
Chubo-1_H2	Common	True	2386	2387	2388	2386	2387	2388	gtg	gtc	Val	Val	Synonymous	SNP
Chubo-1_H2	Common	True	2449	2450	2451	2449	2450	2451	acg	aca	Thr	Thr	Synonymous	SNP
Chubo-1_H2	mRNAdk	True	2752	2753	2754	2752	2753	2754	atg	acg	Met	Thr	Nonsynonymous	SNP
Chubo-1_H2	mRNAdl	True	2752	2753	2754	2752	2753	2754	atg	acg	Met	Thr	Nonsynonymous	SNP
Chubo-1_H2	Common	True	3040	3041	3042	3040	3041	3042	ctt	ttt	Leu	Phe	Nonsynonymous	SNP
Chubo-1_H2	Common	True	3388	3389	3390	3388	3389	3390	aag	aaa	Lys	Lys	Synonymous	SNP
Chubo-1_H2	Common	True	3697	3698	3699	3697	3698	3699	att	atc	Ile	Ile	Synonymous	SNP
Chubo-1_H2	Common	True	3703	3704	3705	3703	3704	3705	atc	att	Ile	Ile	Synonymous	SNP
Chubo-1_H2	Common	True	3709	3710	3711	3709	3710	3711	gcg	gcc	Ala	Ala	Synonymous	SNP
Chubo-1_H2	Common	True	4045	4046	4047	4045	4046	4047	gtt	gtc	Val	Val	Synonymous	SNP
Chubo-1_H2	Common	True	5596	5597	5598	5596	5597	5598	gac	gat	Asp	Asp	Synonymous	SNP
Chubo-1_H2	Common	True	5641	5642	5643	5641	5642	5643	ggc	ggt	Gly	Gly	Synonymous	SNP
Chubo-1_H2	Common	True	5860	5861	5862	5860	5861	5862	ata	att	Ile	Ile	Synonymous	SNP
Chubo-1_H2	Common	True	6088	6089	6090	6103	6104	6105	acg	gcg	Thr	Ala	Nonsynonymous	SNP
Chubo-1_H2	Common	True	6112	6113	6114	6127	6128	6129	aca	tca	Thr	Ser	Nonsynonymous	SNP
Chubo-2_H1	Common	True	109	110	111	109	110	111	caa	cag	Gln	Gln	Synonymous	SNP
Chubo-2_H1	Common	True	373	374	375	373	374	375	ctt	ctc	Leu	Leu	Synonymous	SNP
Chubo-2_H1	Common	True	1021	1022	1023	1021	1022	1023	gaa	gag	Glu	Glu	Synonymous	SNP
Chubo-2_H1	Common	True	1084	1085	1086	1084	1085	1086	tcg	tca	Ser	Ser	Synonymous	SNP
Chubo-2_H1	Common	True	1108	1109	1110	1108	1109	1110	gcc	gcg	Ala	Ala	Synonymous	SNP
Chubo-2_H1	Common	True	1525	1526	1527	1525	1526	1527	tcg	tcc	Ser	Ser	Synonymous	SNP
Chubo-2_H1	Common	True	2119	2120	2121	2119	2120	2121	gat	gac	Asp	Asp	Synonymous	SNP
Chubo-2_H1	Common	True	2368	2369	2370	2368	2369	2370	ttg	tta	Leu	Leu	Synonymous	SNP
Chubo-2_H1	Common	True	2386	2387	2388	2386	2387	2388	gtg	gtc	Val	Val	Synonymous	SNP
Chubo-2_H1	Common	True	2449	2450	2451	2449	2450	2451	acg	aca	Thr	Thr	Synonymous	SNP
Chubo-2_H1	mRNAdk	True	2752	2753	2754	2752	2753	2754	atg	acg	Met	Thr	Nonsynonymous	SNP
Chubo-2_H1	mRNAdl	True	2752	2753	2754	2752	2753	2754	atg	acg	Met	Thr	Nonsynonymous	SNP
Chubo-2_H1	Common	True	3040	3041	3042	3040	3041	3042	ctt	ttt	Leu	Phe	Nonsynonymous	SNP
Chubo-2_H1	Common	True	3388	3389	3390	3388	3389	3390	aag	aaa	Lys	Lys	Synonymous	SNP
Chubo-2_H1	Common	True	3697	3698	3699	3697	3698	3699	att	atc	Ile	Ile	Synonymous	SNP
Chubo-2_H1	Common	True	3703	3704	3705	3703	3704	3705	atc	att	Ile	Ile	Synonymous	SNP
Chubo-2_H1	Common	True	3709	3710	3711	3709	3710	3711	gcg	gcc	Ala	Ala	Synonymous	SNP
Chubo-2_H1	Common	True	3739	3740	3741	3739	3740	3741	tat	tac	Tyr	Tyr	Synonymous	SNP
Chubo-2_H1	Common	True	4435	4436	4437	4435	4436	4437	aac	aat	Asn	Asn	Synonymous	SNP
Chubo-2_H1	Common	True	5596	5597	5598	5596	5597	5598	gac	gat	Asp	Asp	Synonymous	SNP
Chubo-2_H1	Common	True	5656	5657	5658	5656	5657	5658	aga	cgc	Arg	Arg	Synonymous	MNP
Chubo-2_H1	Common	True	5860	5861	5862	5860	5861	5862	ata	att	Ile	Ile	Synonymous	SNP
Chubo-2_H1	Common	True	6019	6020	6021	6019	6020	6021	gat	gag	Asp	Glu	Nonsynonymous	SNP
Chubo-2_H1	Common	True	6088	6089	6090	6103	6104	6105	acg	gcg	Thr	Ala	Nonsynonymous	SNP
Chubo-2_H1	Common	True	6112	6113	6114	6127	6128	6129	aca	tca	Thr	Ser	Nonsynonymous	SNP
Chubo-2_H2	Common	True	373	374	375	373	374	375	ctt	ctc	Leu	Leu	Synonymous	SNP
Chubo-2_H2	Common	True	1081	1082	1083	1081	1082	1083	gat	gac	Asp	Asp	Synonymous	SNP
Chubo-2_H2	Common	True	1084	1085	1086	1084	1085	1086	tcg	tca	Ser	Ser	Synonymous	SNP
Chubo-2_H2	Common	True	1108	1109	1110	1108	1109	1110	gcc	gcg	Ala	Ala	Synonymous	SNP
Chubo-2_H2	Common	True	1315	1316	1317	1315	1316	1317	ata	atc	Ile	Ile	Synonymous	SNP
Chubo-2_H2	Common	True	1513	1514	1515	1513	1514	1515	aaa	aag	Lys	Lys	Synonymous	SNP
Chubo-2_H2	Common	True	1795	1796	1797	1795	1796	1797	gat	gac	Asp	Asp	Synonymous	SNP
Chubo-2_H2	Common	True	2119	2120	2121	2119	2120	2121	gat	gac	Asp	Asp	Synonymous	SNP
Chubo-2_H2	Common	True	2368	2369	2370	2368	2369	2370	ttg	tta	Leu	Leu	Synonymous	SNP
Chubo-2_H2	Common	True	2386	2387	2388	2386	2387	2388	gtg	gtc	Val	Val	Synonymous	SNP
Chubo-2_H2	Common	True	2449	2450	2451	2449	2450	2451	acg	aca	Thr	Thr	Synonymous	SNP
Chubo-2_H2	Common	True	2539	2540	2541	2539	2540	2541	gca	gcg	Ala	Ala	Synonymous	SNP
Chubo-2_H2	Common	True	3388	3389	3390	3388	3389	3390	aag	aaa	Lys	Lys	Synonymous	SNP
Chubo-2_H2	Common	True	3697	3698	3699	3697	3698	3699	att	atc	Ile	Ile	Synonymous	SNP
Chubo-2_H2	Common	True	3703	3704	3705	3703	3704	3705	atc	att	Ile	Ile	Synonymous	SNP
Chubo-2_H2	Common	True	3709	3710	3711	3709	3710	3711	gcg	gcc	Ala	Ala	Synonymous	SNP
Chubo-2_H2	Common	True	4045	4046	4047	4045	4046	4047	gtt	gtc	Val	Val	Synonymous	SNP
Chubo-2_H2	Common	True	5596	5597	5598	5596	5597	5598	gac	gat	Asp	Asp	Synonymous	SNP
Chubo-2_H2	Common	True	5641	5642	5643	5641	5642	5643	ggc	ggt	Gly	Gly	Synonymous	SNP
Chubo-2_H2	Common	True	5860	5861	5862	5860	5861	5862	ata	att	Ile	Ile	Synonymous	SNP
Chubo-2_H2	Common	True	6052	6053	6054	6052	6053	6054	agc	agt	Ser	Ser	Synonymous	SNP
Chubo-2_H2	Common	True	6112	6113	6114	6121	6122	6123	aca	tca	Thr	Ser	Nonsynonymous	SNP
Chubo-2_H2	Common	True	6130	6131	6132	6139	6140	6141	gaa	gag	Glu	Glu	Synonymous	SNP
Chubo-3_H1	Common	True	373	374	375	373	374	375	ctt	ctc	Leu	Leu	Synonymous	SNP
Chubo-3_H1	Common	True	1081	1082	1083	1081	1082	1083	gat	gac	Asp	Asp	Synonymous	SNP
Chubo-3_H1	Common	True	1084	1085	1086	1084	1085	1086	tcg	tca	Ser	Ser	Synonymous	SNP
Chubo-3_H1	Common	True	1108	1109	1110	1108	1109	1110	gcc	gcg	Ala	Ala	Synonymous	SNP
Chubo-3_H1	Common	True	1315	1316	1317	1315	1316	1317	ata	atc	Ile	Ile	Synonymous	SNP
Chubo-3_H1	Common	True	1513	1514	1515	1513	1514	1515	aaa	aag	Lys	Lys	Synonymous	SNP
Chubo-3_H1	Common	True	2119	2120	2121	2119	2120	2121	gat	gac	Asp	Asp	Synonymous	SNP
Chubo-3_H1	Common	True	2368	2369	2370	2368	2369	2370	ttg	tta	Leu	Leu	Synonymous	SNP
Chubo-3_H1	Common	True	2386	2387	2388	2386	2387	2388	gtg	gtc	Val	Val	Synonymous	SNP
Chubo-3_H1	Common	True	2449	2450	2451	2449	2450	2451	acg	aca	Thr	Thr	Synonymous	SNP
Chubo-3_H1	mRNAdk	True	2752	2753	2754	2752	2753	2754	atg	acg	Met	Thr	Nonsynonymous	SNP
Chubo-3_H1	mRNAdl	True	2752	2753	2754	2752	2753	2754	atg	acg	Met	Thr	Nonsynonymous	SNP
Chubo-3_H1	Common	True	3040	3041	3042	3040	3041	3042	ctt	ttt	Leu	Phe	Nonsynonymous	SNP
Chubo-3_H1	Common	True	3388	3389	3390	3388	3389	3390	aag	aaa	Lys	Lys	Synonymous	SNP
Chubo-3_H1	Common	True	3697	3698	3699	3697	3698	3699	att	atc	Ile	Ile	Synonymous	SNP
Chubo-3_H1	Common	True	3703	3704	3705	3703	3704	3705	atc	att	Ile	Ile	Synonymous	SNP
Chubo-3_H1	Common	True	3709	3710	3711	3709	3710	3711	gcg	gcc	Ala	Ala	Synonymous	SNP
Chubo-3_H1	Common	True	4045	4046	4047	4045	4046	4047	gtt	gtc	Val	Val	Synonymous	SNP
Chubo-3_H1	Common	True	5596	5597	5598	5596	5597	5598	gac	gat	Asp	Asp	Synonymous	SNP
Chubo-3_H1	Common	True	5641	5642	5643	5641	5642	5643	ggc	ggt	Gly	Gly	Synonymous	SNP
Chubo-3_H1	Common	True	5860	5861	5862	5860	5861	5862	ata	att	Ile	Ile	Synonymous	SNP
Chubo-3_H1	Common	True	6088	6089	6090	6103	6104	6105	acg	gcg	Thr	Ala	Nonsynonymous	SNP
Chubo-3_H1	Common	True	6112	6113	6114	6127	6128	6129	aca	tca	Thr	Ser	Nonsynonymous	SNP
Chubo-3_H2	Common	True	373	374	375	373	374	375	ctt	ctc	Leu	Leu	Synonymous	SNP
Chubo-3_H2	Common	True	1081	1082	1083	1081	1082	1083	gat	gac	Asp	Asp	Synonymous	SNP
Chubo-3_H2	Common	True	1084	1085	1086	1084	1085	1086	tcg	tca	Ser	Ser	Synonymous	SNP
Chubo-3_H2	Common	True	1108	1109	1110	1108	1109	1110	gcc	gcg	Ala	Ala	Synonymous	SNP
Chubo-3_H2	Common	True	1315	1316	1317	1315	1316	1317	ata	atc	Ile	Ile	Synonymous	SNP
Chubo-3_H2	Common	True	1513	1514	1515	1513	1514	1515	aaa	aag	Lys	Lys	Synonymous	SNP
Chubo-3_H2	Common	True	2119	2120	2121	2119	2120	2121	gat	gac	Asp	Asp	Synonymous	SNP
Chubo-3_H2	Common	True	2368	2369	2370	2368	2369	2370	ttg	tta	Leu	Leu	Synonymous	SNP
Chubo-3_H2	Common	True	2386	2387	2388	2386	2387	2388	gtg	gtc	Val	Val	Synonymous	SNP
Chubo-3_H2	Common	True	2449	2450	2451	2449	2450	2451	acg	aca	Thr	Thr	Synonymous	SNP
Chubo-3_H2	mRNAdk	True	2752	2753	2754	2752	2753	2754	atg	acg	Met	Thr	Nonsynonymous	SNP
Chubo-3_H2	mRNAdl	True	2752	2753	2754	2752	2753	2754	atg	acg	Met	Thr	Nonsynonymous	SNP
Chubo-3_H2	Common	True	3040	3041	3042	3040	3041	3042	ctt	ttt	Leu	Phe	Nonsynonymous	SNP
Chubo-3_H2	Common	True	3388	3389	3390	3388	3389	3390	aag	aaa	Lys	Lys	Synonymous	SNP
Chubo-3_H2	Common	True	3697	3698	3699	3697	3698	3699	att	atc	Ile	Ile	Synonymous	SNP
Chubo-3_H2	Common	True	3703	3704	3705	3703	3704	3705	atc	att	Ile	Ile	Synonymous	SNP
Chubo-3_H2	Common	True	3709	3710	3711	3709	3710	3711	gcg	gcc	Ala	Ala	Synonymous	SNP
Chubo-3_H2	Common	True	4045	4046	4047	4045	4046	4047	gtt	gtc	Val	Val	Synonymous	SNP
Chubo-3_H2	Common	True	5596	5597	5598	5596	5597	5598	gac	gat	Asp	Asp	Synonymous	SNP
Chubo-3_H2	Common	True	5641	5642	5643	5641	5642	5643	ggc	ggt	Gly	Gly	Synonymous	SNP
Chubo-3_H2	Common	True	5860	5861	5862	5860	5861	5862	ata	att	Ile	Ile	Synonymous	SNP
Chubo-3_H2	Common	True	6088	6089	6090	6103	6104	6105	acg	gcg	Thr	Ala	Nonsynonymous	SNP
Chubo-3_H2	Common	True	6112	6113	6114	6127	6128	6129	aca	tca	Thr	Ser	Nonsynonymous	SNP
Chubo-4_H1	Common	True	373	374	375	373	374	375	ctt	ctc	Leu	Leu	Synonymous	SNP
Chubo-4_H1	Common	True	1081	1082	1083	1081	1082	1083	gat	gac	Asp	Asp	Synonymous	SNP
Chubo-4_H1	Common	True	1084	1085	1086	1084	1085	1086	tcg	tca	Ser	Ser	Synonymous	SNP
Chubo-4_H1	Common	True	1108	1109	1110	1108	1109	1110	gcc	gcg	Ala	Ala	Synonymous	SNP
Chubo-4_H1	Common	True	1315	1316	1317	1315	1316	1317	ata	atc	Ile	Ile	Synonymous	SNP
Chubo-4_H1	Common	True	1513	1514	1515	1513	1514	1515	aaa	aag	Lys	Lys	Synonymous	SNP
Chubo-4_H1	Common	True	2119	2120	2121	2119	2120	2121	gat	gac	Asp	Asp	Synonymous	SNP
Chubo-4_H1	Common	True	2368	2369	2370	2368	2369	2370	ttg	tta	Leu	Leu	Synonymous	SNP
Chubo-4_H1	Common	True	2386	2387	2388	2386	2387	2388	gtg	gtc	Val	Val	Synonymous	SNP
Chubo-4_H1	Common	True	2449	2450	2451	2449	2450	2451	acg	aca	Thr	Thr	Synonymous	SNP
Chubo-4_H1	mRNAdk	True	2752	2753	2754	2752	2753	2754	atg	acg	Met	Thr	Nonsynonymous	SNP
Chubo-4_H1	mRNAdl	True	2752	2753	2754	2752	2753	2754	atg	acg	Met	Thr	Nonsynonymous	SNP
Chubo-4_H1	Common	True	3040	3041	3042	3040	3041	3042	ctt	ttt	Leu	Phe	Nonsynonymous	SNP
Chubo-4_H1	Common	True	3388	3389	3390	3388	3389	3390	aag	aaa	Lys	Lys	Synonymous	SNP
Chubo-4_H1	Common	True	3697	3698	3699	3697	3698	3699	att	atc	Ile	Ile	Synonymous	SNP
Chubo-4_H1	Common	True	3703	3704	3705	3703	3704	3705	atc	att	Ile	Ile	Synonymous	SNP
Chubo-4_H1	Common	True	3709	3710	3711	3709	3710	3711	gcg	gcc	Ala	Ala	Synonymous	SNP
Chubo-4_H1	Common	True	4045	4046	4047	4045	4046	4047	gtt	gtc	Val	Val	Synonymous	SNP
Chubo-4_H1	Common	True	5596	5597	5598	5596	5597	5598	gac	gat	Asp	Asp	Synonymous	SNP
Chubo-4_H1	Common	True	5641	5642	5643	5641	5642	5643	ggc	ggt	Gly	Gly	Synonymous	SNP
Chubo-4_H1	Common	True	5860	5861	5862	5860	5861	5862	ata	att	Ile	Ile	Synonymous	SNP
Chubo-4_H1	Common	True	6088	6089	6090	6103	6104	6105	acg	gcg	Thr	Ala	Nonsynonymous	SNP
Chubo-4_H1	Common	True	6112	6113	6114	6127	6128	6129	aca	tca	Thr	Ser	Nonsynonymous	SNP
Chubo-4_H2	Common	True	373	374	375	373	374	375	ctt	ctc	Leu	Leu	Synonymous	SNP
Chubo-4_H2	Common	True	1081	1082	1083	1081	1082	1083	gat	gac	Asp	Asp	Synonymous	SNP
Chubo-4_H2	Common	True	1084	1085	1086	1084	1085	1086	tcg	tca	Ser	Ser	Synonymous	SNP
Chubo-4_H2	Common	True	1108	1109	1110	1108	1109	1110	gcc	gcg	Ala	Ala	Synonymous	SNP
Chubo-4_H2	Common	True	1315	1316	1317	1315	1316	1317	ata	atc	Ile	Ile	Synonymous	SNP
Chubo-4_H2	Common	True	1513	1514	1515	1513	1514	1515	aaa	aag	Lys	Lys	Synonymous	SNP
Chubo-4_H2	Common	True	2119	2120	2121	2119	2120	2121	gat	gac	Asp	Asp	Synonymous	SNP
Chubo-4_H2	Common	True	2368	2369	2370	2368	2369	2370	ttg	tta	Leu	Leu	Synonymous	SNP
Chubo-4_H2	Common	True	2386	2387	2388	2386	2387	2388	gtg	gtc	Val	Val	Synonymous	SNP
Chubo-4_H2	Common	True	2449	2450	2451	2449	2450	2451	acg	aca	Thr	Thr	Synonymous	SNP
Chubo-4_H2	mRNAdk	True	2752	2753	2754	2752	2753	2754	atg	acg	Met	Thr	Nonsynonymous	SNP
Chubo-4_H2	mRNAdl	True	2752	2753	2754	2752	2753	2754	atg	acg	Met	Thr	Nonsynonymous	SNP
Chubo-4_H2	Common	True	3040	3041	3042	3040	3041	3042	ctt	ttt	Leu	Phe	Nonsynonymous	SNP
Chubo-4_H2	Common	True	3388	3389	3390	3388	3389	3390	aag	aaa	Lys	Lys	Synonymous	SNP
Chubo-4_H2	Common	True	3697	3698	3699	3697	3698	3699	att	atc	Ile	Ile	Synonymous	SNP
Chubo-4_H2	Common	True	3703	3704	3705	3703	3704	3705	atc	att	Ile	Ile	Synonymous	SNP
Chubo-4_H2	Common	True	3709	3710	3711	3709	3710	3711	gcg	gcc	Ala	Ala	Synonymous	SNP
Chubo-4_H2	Common	True	4045	4046	4047	4045	4046	4047	gtt	gtc	Val	Val	Synonymous	SNP
Chubo-4_H2	Common	True	4417	4418	4419	4417	4418	4419	tgg	tgt	Trp	Cys	Nonsynonymous	SNP
Chubo-4_H2	Common	True	5596	5597	5598	5596	5597	5598	gac	gat	Asp	Asp	Synonymous	SNP
Chubo-4_H2	Common	True	5641	5642	5643	5641	5642	5643	ggc	ggt	Gly	Gly	Synonymous	SNP
Chubo-4_H2	Common	True	5860	5861	5862	5860	5861	5862	ata	att	Ile	Ile	Synonymous	SNP
Chubo-4_H2	Common	True	6088	6089	6090	6103	6104	6105	acg	gcg	Thr	Ala	Nonsynonymous	SNP
Chubo-4_H2	Common	True	6112	6113	6114	6127	6128	6129	aca	tca	Thr	Ser	Nonsynonymous	SNP
SRS-1_H1	Common	True	373	374	375	373	374	375	ctt	ctc	Leu	Leu	Synonymous	SNP
SRS-1_H1	Common	True	1084	1085	1086	1084	1085	1086	tcg	tca	Ser	Ser	Synonymous	SNP
SRS-1_H1	Common	True	1108	1109	1110	1108	1109	1110	gcc	gcg	Ala	Ala	Synonymous	SNP
SRS-1_H1	Common	True	1315	1316	1317	1315	1316	1317	ata	atc	Ile	Ile	Synonymous	SNP
SRS-1_H1	Common	True	1525	1526	1527	1525	1526	1527	tcg	tcc	Ser	Ser	Synonymous	SNP
SRS-1_H1	Common	True	2314	2315	2316	2314	2315	2316	tat	tac	Tyr	Tyr	Synonymous	SNP
SRS-1_H1	Common	True	2515	2516	2517	2515	2516	2517	aac	aat	Asn	Asn	Synonymous	SNP
SRS-1_H1	Common	True	2539	2540	2541	2539	2540	2541	gca	gcc	Ala	Ala	Synonymous	SNP
SRS-1_H1	mRNAcl	True	2848	2849	2850	2848	2849	2850	aac	aat	Asn	Asn	Synonymous	SNP
SRS-1_H1	mRNAck	True	2848	2849	2850	2848	2849	2850	aac	aat	Asn	Asn	Synonymous	SNP
SRS-1_H1	Common	True	2977	2978	2979	2977	2978	2979	tgc	tgt	Cys	Cys	Synonymous	SNP
SRS-1_H1	Common	True	3388	3389	3390	3388	3389	3390	aag	aaa	Lys	Lys	Synonymous	SNP
SRS-1_H1	Common	True	3697	3698	3699	3697	3698	3699	att	atc	Ile	Ile	Synonymous	SNP
SRS-1_H1	Common	True	3703	3704	3705	3703	3704	3705	atc	att	Ile	Ile	Synonymous	SNP
SRS-1_H1	Common	True	3709	3710	3711	3709	3710	3711	gcg	gcc	Ala	Ala	Synonymous	SNP
SRS-1_H1	Common	True	4045	4046	4047	4045	4046	4047	gtt	gtc	Val	Val	Synonymous	SNP
SRS-1_H1	Common	True	5599	5600	5601	5599	5600	5601	tac	tat	Tyr	Tyr	Synonymous	SNP
SRS-1_H1	Common	True	5641	5642	5643	5641	5642	5643	ggc	ggt	Gly	Gly	Synonymous	SNP
SRS-1_H1	Common	True	5860	5861	5862	5860	5861	5862	ata	att	Ile	Ile	Synonymous	SNP
SRS-1_H1	Common	True	6067	6068	6069	6067	6068	6069	ggt	gat	Gly	Asp	Nonsynonymous	SNP
SRS-1_H1	Common	True	6148	6149	6150	6148	6149	6150	gtc	gcc	Val	Ala	Nonsynonymous	SNP
SRS-1_H2	Common	True	373	374	375	373	374	375	ctt	ctc	Leu	Leu	Synonymous	SNP
SRS-1_H2	Common	True	1084	1085	1086	1084	1085	1086	tcg	tca	Ser	Ser	Synonymous	SNP
SRS-1_H2	Common	True	1108	1109	1110	1108	1109	1110	gcc	gcg	Ala	Ala	Synonymous	SNP
SRS-1_H2	Common	True	1315	1316	1317	1315	1316	1317	ata	atc	Ile	Ile	Synonymous	SNP
SRS-1_H2	Common	True	1525	1526	1527	1525	1526	1527	tcg	tcc	Ser	Ser	Synonymous	SNP
SRS-1_H2	Common	True	2314	2315	2316	2314	2315	2316	tat	tac	Tyr	Tyr	Synonymous	SNP
SRS-1_H2	Common	True	2515	2516	2517	2515	2516	2517	aac	aat	Asn	Asn	Synonymous	SNP
SRS-1_H2	Common	True	2539	2540	2541	2539	2540	2541	gca	gcc	Ala	Ala	Synonymous	SNP
SRS-1_H2	mRNAcl	True	2848	2849	2850	2848	2849	2850	aac	aat	Asn	Asn	Synonymous	SNP
SRS-1_H2	mRNAck	True	2848	2849	2850	2848	2849	2850	aac	aat	Asn	Asn	Synonymous	SNP
SRS-1_H2	Common	True	2977	2978	2979	2977	2978	2979	tgc	tgt	Cys	Cys	Synonymous	SNP
SRS-1_H2	Common	True	3388	3389	3390	3388	3389	3390	aag	aaa	Lys	Lys	Synonymous	SNP
SRS-1_H2	Common	True	3697	3698	3699	3697	3698	3699	att	atc	Ile	Ile	Synonymous	SNP
SRS-1_H2	Common	True	3703	3704	3705	3703	3704	3705	atc	att	Ile	Ile	Synonymous	SNP
SRS-1_H2	Common	True	3709	3710	3711	3709	3710	3711	gcg	gcc	Ala	Ala	Synonymous	SNP
SRS-1_H2	Common	True	4045	4046	4047	4045	4046	4047	gtt	gtc	Val	Val	Synonymous	SNP
SRS-1_H2	Common	True	5599	5600	5601	5599	5600	5601	tac	tat	Tyr	Tyr	Synonymous	SNP
SRS-1_H2	Common	True	5641	5642	5643	5641	5642	5643	ggc	ggt	Gly	Gly	Synonymous	SNP
SRS-1_H2	Common	True	5860	5861	5862	5860	5861	5862	ata	att	Ile	Ile	Synonymous	SNP
SRS-1_H2	Common	True	6067	6068	6069	6067	6068	6069	ggt	gat	Gly	Asp	Nonsynonymous	SNP
SRS-1_H2	Common	True	6148	6149	6150	6148	6149	6150	gtc	gcc	Val	Ala	Nonsynonymous	SNP
SRS-2_H1	Common	True	373	374	375	373	374	375	ctt	ctc	Leu	Leu	Synonymous	SNP
SRS-2_H1	Common	True	1084	1085	1086	1084	1085	1086	tcg	tca	Ser	Ser	Synonymous	SNP
SRS-2_H1	Common	True	1108	1109	1110	1108	1109	1110	gcc	gcg	Ala	Ala	Synonymous	SNP
SRS-2_H1	Common	True	1315	1316	1317	1315	1316	1317	ata	atc	Ile	Ile	Synonymous	SNP
SRS-2_H1	Common	True	1525	1526	1527	1525	1526	1527	tcg	tcc	Ser	Ser	Synonymous	SNP
SRS-2_H1	Common	True	2314	2315	2316	2314	2315	2316	tat	tac	Tyr	Tyr	Synonymous	SNP
SRS-2_H1	Common	True	2515	2516	2517	2515	2516	2517	aac	aat	Asn	Asn	Synonymous	SNP
SRS-2_H1	Common	True	2539	2540	2541	2539	2540	2541	gca	gcc	Ala	Ala	Synonymous	SNP
SRS-2_H1	mRNAcl	True	2848	2849	2850	2848	2849	2850	aac	aat	Asn	Asn	Synonymous	SNP
SRS-2_H1	mRNAck	True	2848	2849	2850	2848	2849	2850	aac	aat	Asn	Asn	Synonymous	SNP
SRS-2_H1	Common	True	2977	2978	2979	2977	2978	2979	tgc	tgt	Cys	Cys	Synonymous	SNP
SRS-2_H1	Common	True	3388	3389	3390	3388	3389	3390	aag	aaa	Lys	Lys	Synonymous	SNP
SRS-2_H1	Common	True	3697	3698	3699	3697	3698	3699	att	atc	Ile	Ile	Synonymous	SNP
SRS-2_H1	Common	True	3703	3704	3705	3703	3704	3705	atc	att	Ile	Ile	Synonymous	SNP
SRS-2_H1	Common	True	3709	3710	3711	3709	3710	3711	gcg	gcc	Ala	Ala	Synonymous	SNP
SRS-2_H1	Common	True	4045	4046	4047	4045	4046	4047	gtt	gtc	Val	Val	Synonymous	SNP
SRS-2_H1	Common	True	5599	5600	5601	5599	5600	5601	tac	tat	Tyr	Tyr	Synonymous	SNP
SRS-2_H1	Common	True	5641	5642	5643	5641	5642	5643	ggc	ggt	Gly	Gly	Synonymous	SNP
SRS-2_H1	Common	True	5860	5861	5862	5860	5861	5862	ata	att	Ile	Ile	Synonymous	SNP
SRS-2_H1	Common	True	6067	6068	6069	6067	6068	6069	ggt	gat	Gly	Asp	Nonsynonymous	SNP
SRS-2_H1	Common	True	6148	6149	6150	6148	6149	6150	gtc	gcc	Val	Ala	Nonsynonymous	SNP
SRS-2_H2	Common	True	373	374	375	373	374	375	ctt	ctc	Leu	Leu	Synonymous	SNP
SRS-2_H2	Common	True	1084	1085	1086	1084	1085	1086	tcg	tca	Ser	Ser	Synonymous	SNP
SRS-2_H2	Common	True	1108	1109	1110	1108	1109	1110	gcc	gcg	Ala	Ala	Synonymous	SNP
SRS-2_H2	Common	True	1315	1316	1317	1315	1316	1317	ata	atc	Ile	Ile	Synonymous	SNP
SRS-2_H2	Common	True	1525	1526	1527	1525	1526	1527	tcg	tcc	Ser	Ser	Synonymous	SNP
SRS-2_H2	Common	True	2314	2315	2316	2314	2315	2316	tat	tac	Tyr	Tyr	Synonymous	SNP
SRS-2_H2	Common	True	2515	2516	2517	2515	2516	2517	aac	aat	Asn	Asn	Synonymous	SNP
SRS-2_H2	Common	True	2539	2540	2541	2539	2540	2541	gca	gcc	Ala	Ala	Synonymous	SNP
SRS-2_H2	mRNAcl	True	2848	2849	2850	2848	2849	2850	aac	aat	Asn	Asn	Synonymous	SNP
SRS-2_H2	mRNAck	True	2848	2849	2850	2848	2849	2850	aac	aat	Asn	Asn	Synonymous	SNP
SRS-2_H2	Common	True	2977	2978	2979	2977	2978	2979	tgc	tgt	Cys	Cys	Synonymous	SNP
SRS-2_H2	Common	True	3388	3389	3390	3388	3389	3390	aag	aaa	Lys	Lys	Synonymous	SNP
SRS-2_H2	Common	True	3697	3698	3699	3697	3698	3699	att	atc	Ile	Ile	Synonymous	SNP
SRS-2_H2	Common	True	3703	3704	3705	3703	3704	3705	atc	att	Ile	Ile	Synonymous	SNP
SRS-2_H2	Common	True	3709	3710	3711	3709	3710	3711	gcg	gcc	Ala	Ala	Synonymous	SNP
SRS-2_H2	Common	True	4045	4046	4047	4045	4046	4047	gtt	gtc	Val	Val	Synonymous	SNP
SRS-2_H2	Common	True	5599	5600	5601	5599	5600	5601	tac	tat	Tyr	Tyr	Synonymous	SNP
SRS-2_H2	Common	True	5641	5642	5643	5641	5642	5643	ggc	ggt	Gly	Gly	Synonymous	SNP
SRS-2_H2	Common	True	5860	5861	5862	5860	5861	5862	ata	att	Ile	Ile	Synonymous	SNP
SRS-2_H2	Common	True	6067	6068	6069	6067	6068	6069	ggt	gat	Gly	Asp	Nonsynonymous	SNP
SRS-2_H2	Common	True	6148	6149	6150	6148	6149	6150	gtc	gcc	Val	Ala	Nonsynonymous	SNP
SRS-3_H1	Common	True	373	374	375	373	374	375	ctt	ctc	Leu	Leu	Synonymous	SNP
SRS-3_H1	Common	True	1084	1085	1086	1084	1085	1086	tcg	tca	Ser	Ser	Synonymous	SNP
SRS-3_H1	Common	True	1108	1109	1110	1108	1109	1110	gcc	gcg	Ala	Ala	Synonymous	SNP
SRS-3_H1	Common	True	1315	1316	1317	1315	1316	1317	ata	atc	Ile	Ile	Synonymous	SNP
SRS-3_H1	Common	True	1525	1526	1527	1525	1526	1527	tcg	tcc	Ser	Ser	Synonymous	SNP
SRS-3_H1	Common	True	2314	2315	2316	2314	2315	2316	tat	tac	Tyr	Tyr	Synonymous	SNP
SRS-3_H1	Common	True	2317	2318	2319	2317	2318	2319	atc	att	Ile	Ile	Synonymous	SNP
SRS-3_H1	Common	True	2431	2432	2433	2431	2432	2433	ctg	ttg	Leu	Leu	Synonymous	SNP
SRS-3_H1	Common	True	2977	2978	2979	2977	2978	2979	tgc	tgt	Cys	Cys	Synonymous	SNP
SRS-3_H1	Common	True	3388	3389	3390	3388	3389	3390	aag	aaa	Lys	Lys	Synonymous	SNP
SRS-3_H1	Common	True	3754	3755	3756	3754	3755	3756	ttc	ttt	Phe	Phe	Synonymous	SNP
SRS-3_H1	Common	True	5800	5801	5802	5800	5801	5802	acc	acg	Thr	Thr	Synonymous	SNP
SRS-3_H1	Common	True	5860	5861	5862	5860	5861	5862	ata	att	Ile	Ile	Synonymous	SNP
SRS-3_H1	Common	True	6148	6149	6150	6148	6149	6150	gtc	gcc	Val	Ala	Nonsynonymous	SNP
SRS-3_H2	Common	True	1081	1082	1083	1081	1082	1083	gat	gac	Asp	Asp	Synonymous	SNP
SRS-3_H2	Common	True	1084	1085	1086	1084	1085	1086	tcg	tca	Ser	Ser	Synonymous	SNP
SRS-3_H2	Common	True	1108	1109	1110	1108	1109	1110	gcc	gcg	Ala	Ala	Synonymous	SNP
SRS-3_H2	Common	True	1315	1316	1317	1315	1316	1317	ata	atc	Ile	Ile	Synonymous	SNP
SRS-3_H2	Common	True	1525	1526	1527	1525	1526	1527	tcg	tcc	Ser	Ser	Synonymous	SNP
SRS-3_H2	Common	True	2119	2120	2121	2119	2120	2121	gat	gac	Asp	Asp	Synonymous	SNP
SRS-3_H2	Common	True	2449	2450	2451	2449	2450	2451	acg	aca	Thr	Thr	Synonymous	SNP
SRS-3_H2	Common	True	2515	2516	2517	2515	2516	2517	aac	aat	Asn	Asn	Synonymous	SNP
SRS-3_H2	Common	True	2539	2540	2541	2539	2540	2541	gca	gcc	Ala	Ala	Synonymous	SNP
SRS-3_H2	Common	True	2617	2618	2619	2617	2618	2619	att	atc	Ile	Ile	Synonymous	SNP
SRS-3_H2	mRNAcl	True	2848	2849	2850	2848	2849	2850	aac	aat	Asn	Asn	Synonymous	SNP
SRS-3_H2	mRNAck	True	2848	2849	2850	2848	2849	2850	aac	aat	Asn	Asn	Synonymous	SNP
SRS-3_H2	Common	True	2977	2978	2979	2977	2978	2979	tgc	tgt	Cys	Cys	Synonymous	SNP
SRS-3_H2	Common	True	3388	3389	3390	3388	3389	3390	aag	aaa	Lys	Lys	Synonymous	SNP
SRS-3_H2	Common	True	3697	3698	3699	3697	3698	3699	att	atc	Ile	Ile	Synonymous	SNP
SRS-3_H2	Common	True	3703	3704	3705	3703	3704	3705	atc	att	Ile	Ile	Synonymous	SNP
SRS-3_H2	Common	True	3709	3710	3711	3709	3710	3711	gcg	gcc	Ala	Ala	Synonymous	SNP
SRS-3_H2	Common	True	4045	4046	4047	4045	4046	4047	gtt	gtc	Val	Val	Synonymous	SNP
SRS-3_H2	Common	True	5596	5597	5598	5596	5597	5598	gac	gat	Asp	Asp	Synonymous	SNP
SRS-3_H2	Common	True	5599	5600	5601	5599	5600	5601	tac	tat	Tyr	Tyr	Synonymous	SNP
SRS-3_H2	Common	True	5641	5642	5643	5641	5642	5643	ggc	ggt	Gly	Gly	Synonymous	SNP
SRS-3_H2	Common	True	5860	5861	5862	5860	5861	5862	ata	att	Ile	Ile	Synonymous	SNP
SRS-3_H2	Common	True	6067	6068	6069	6067	6068	6069	ggt	gat	Gly	Asp	Nonsynonymous	SNP
SRS-3_H2	Common	True	6088	6089	6090	6103	6104	6105	acg	gcg	Thr	Ala	Nonsynonymous	SNP
SRS-3_H2	Common	True	6112	6113	6114	6127	6128	6129	aca	tca	Thr	Ser	Nonsynonymous	SNP
SRS-4_H1	Common	True	373	374	375	373	374	375	ctt	ctc	Leu	Leu	Synonymous	SNP
SRS-4_H1	Common	True	1084	1085	1086	1084	1085	1086	tcg	tca	Ser	Ser	Synonymous	SNP
SRS-4_H1	Common	True	1108	1109	1110	1108	1109	1110	gcc	gcg	Ala	Ala	Synonymous	SNP
SRS-4_H1	Common	True	1315	1316	1317	1315	1316	1317	ata	atc	Ile	Ile	Synonymous	SNP
SRS-4_H1	Common	True	1525	1526	1527	1525	1526	1527	tcg	tcc	Ser	Ser	Synonymous	SNP
SRS-4_H1	Common	True	2314	2315	2316	2314	2315	2316	tat	tac	Tyr	Tyr	Synonymous	SNP
SRS-4_H1	Common	True	2317	2318	2319	2317	2318	2319	atc	att	Ile	Ile	Synonymous	SNP
SRS-4_H1	Common	True	2431	2432	2433	2431	2432	2433	ctg	ttg	Leu	Leu	Synonymous	SNP
SRS-4_H1	Common	True	2977	2978	2979	2977	2978	2979	tgc	tgt	Cys	Cys	Synonymous	SNP
SRS-4_H1	Common	True	3388	3389	3390	3388	3389	3390	aag	aaa	Lys	Lys	Synonymous	SNP
SRS-4_H1	Common	True	3754	3755	3756	3754	3755	3756	ttc	ttt	Phe	Phe	Synonymous	SNP
SRS-4_H1	Common	True	5800	5801	5802	5800	5801	5802	acc	acg	Thr	Thr	Synonymous	SNP
SRS-4_H1	Common	True	5860	5861	5862	5860	5861	5862	ata	att	Ile	Ile	Synonymous	SNP
SRS-4_H1	Common	True	6148	6149	6150	6148	6149	6150	gtc	gcc	Val	Ala	Nonsynonymous	SNP
SRS-4_H2	Common	True	1081	1082	1083	1081	1082	1083	gat	gac	Asp	Asp	Synonymous	SNP
SRS-4_H2	Common	True	1084	1085	1086	1084	1085	1086	tcg	tca	Ser	Ser	Synonymous	SNP
SRS-4_H2	Common	True	1108	1109	1110	1108	1109	1110	gcc	gcg	Ala	Ala	Synonymous	SNP
SRS-4_H2	Common	True	1315	1316	1317	1315	1316	1317	ata	atc	Ile	Ile	Synonymous	SNP
SRS-4_H2	Common	True	1525	1526	1527	1525	1526	1527	tcg	tcc	Ser	Ser	Synonymous	SNP
SRS-4_H2	Common	True	2119	2120	2121	2119	2120	2121	gat	gac	Asp	Asp	Synonymous	SNP
SRS-4_H2	Common	True	2449	2450	2451	2449	2450	2451	acg	aca	Thr	Thr	Synonymous	SNP
SRS-4_H2	Common	True	2515	2516	2517	2515	2516	2517	aac	aat	Asn	Asn	Synonymous	SNP
SRS-4_H2	Common	True	2539	2540	2541	2539	2540	2541	gca	gcc	Ala	Ala	Synonymous	SNP
SRS-4_H2	Common	True	2617	2618	2619	2617	2618	2619	att	atc	Ile	Ile	Synonymous	SNP
SRS-4_H2	mRNAcl	True	2848	2849	2850	2848	2849	2850	aac	aat	Asn	Asn	Synonymous	SNP
SRS-4_H2	mRNAck	True	2848	2849	2850	2848	2849	2850	aac	aat	Asn	Asn	Synonymous	SNP
SRS-4_H2	Common	True	2977	2978	2979	2977	2978	2979	tgc	tgt	Cys	Cys	Synonymous	SNP
SRS-4_H2	Common	True	3388	3389	3390	3388	3389	3390	aag	aaa	Lys	Lys	Synonymous	SNP
SRS-4_H2	Common	True	3697	3698	3699	3697	3698	3699	att	atc	Ile	Ile	Synonymous	SNP
SRS-4_H2	Common	True	3703	3704	3705	3703	3704	3705	atc	att	Ile	Ile	Synonymous	SNP
SRS-4_H2	Common	True	3709	3710	3711	3709	3710	3711	gcg	gcc	Ala	Ala	Synonymous	SNP
SRS-4_H2	Common	True	4045	4046	4047	4045	4046	4047	gtt	gtc	Val	Val	Synonymous	SNP
SRS-4_H2	Common	True	5596	5597	5598	5596	5597	5598	gac	gat	Asp	Asp	Synonymous	SNP
SRS-4_H2	Common	True	5599	5600	5601	5599	5600	5601	tac	tat	Tyr	Tyr	Synonymous	SNP
SRS-4_H2	Common	True	5641	5642	5643	5641	5642	5643	ggc	ggt	Gly	Gly	Synonymous	SNP
SRS-4_H2	Common	True	5860	5861	5862	5860	5861	5862	ata	att	Ile	Ile	Synonymous	SNP
SRS-4_H2	Common	True	6067	6068	6069	6067	6068	6069	ggt	gat	Gly	Asp	Nonsynonymous	SNP
SRS-4_H2	Common	True	6088	6089	6090	6103	6104	6105	acg	gcg	Thr	Ala	Nonsynonymous	SNP
SRS-4_H2	Common	True	6112	6113	6114	6127	6128	6129	aca	tca	Thr	Ser	Nonsynonymous	SNP
Takatsuki-1_H1	Common	True	373	374	375	373	374	375	ctt	ctc	Leu	Leu	Synonymous	SNP
Takatsuki-1_H1	Common	True	1084	1085	1086	1084	1085	1086	tcg	tca	Ser	Ser	Synonymous	SNP
Takatsuki-1_H1	Common	True	1108	1109	1110	1108	1109	1110	gcc	gcg	Ala	Ala	Synonymous	SNP
Takatsuki-1_H1	Common	True	1525	1526	1527	1525	1526	1527	tcg	tcc	Ser	Ser	Synonymous	SNP
Takatsuki-1_H1	Common	True	2119	2120	2121	2119	2120	2121	gat	gac	Asp	Asp	Synonymous	SNP
Takatsuki-1_H1	Common	True	2368	2369	2370	2368	2369	2370	ttg	tta	Leu	Leu	Synonymous	SNP
Takatsuki-1_H1	Common	True	2386	2387	2388	2386	2387	2388	gtg	gtc	Val	Val	Synonymous	SNP
Takatsuki-1_H1	Common	True	2617	2618	2619	2617	2618	2619	att	ata	Ile	Ile	Synonymous	SNP
Takatsuki-1_H1	Common	True	3388	3389	3390	3388	3389	3390	aag	aaa	Lys	Lys	Synonymous	SNP
Takatsuki-1_H1	Common	True	3697	3698	3699	3697	3698	3699	att	atc	Ile	Ile	Synonymous	SNP
Takatsuki-1_H1	Common	True	3703	3704	3705	3703	3704	3705	atc	att	Ile	Ile	Synonymous	SNP
Takatsuki-1_H1	Common	True	5596	5597	5598	5596	5597	5598	gac	gat	Asp	Asp	Synonymous	SNP
Takatsuki-1_H1	Common	True	5656	5657	5658	5656	5657	5658	aga	cgc	Arg	Arg	Synonymous	MNP
Takatsuki-1_H1	Common	True	5860	5861	5862	5860	5861	5862	ata	att	Ile	Ile	Synonymous	SNP
Takatsuki-1_H1	Common	True	6073	6074	6075	6073	6074	6075	gat	gaa	Asp	Glu	Nonsynonymous	SNP
Takatsuki-1_H1	Common	True	6112	6113	6114	6112	6113	6114	aca	cca	Thr	Pro	Nonsynonymous	SNP
Takatsuki-1_H2	Common	True	373	374	375	373	374	375	ctt	ctc	Leu	Leu	Synonymous	SNP
Takatsuki-1_H2	Common	True	1084	1085	1086	1084	1085	1086	tcg	tca	Ser	Ser	Synonymous	SNP
Takatsuki-1_H2	Common	True	1108	1109	1110	1108	1109	1110	gcc	gcg	Ala	Ala	Synonymous	SNP
Takatsuki-1_H2	Common	True	1525	1526	1527	1525	1526	1527	tcg	tcc	Ser	Ser	Synonymous	SNP
Takatsuki-1_H2	Common	True	1795	1796	1797	1795	1796	1797	gat	gac	Asp	Asp	Synonymous	SNP
Takatsuki-1_H2	Common	True	2119	2120	2121	2119	2120	2121	gat	gac	Asp	Asp	Synonymous	SNP
Takatsuki-1_H2	Common	True	2419	2420	2421	2419	2420	2421	ctc	ctg	Leu	Leu	Synonymous	SNP
Takatsuki-1_H2	Common	True	2449	2450	2451	2449	2450	2451	acg	aca	Thr	Thr	Synonymous	SNP
Takatsuki-1_H2	Common	True	2575	2576	2577	2575	2576	2577	ccg	cca	Pro	Pro	Synonymous	SNP
Takatsuki-1_H2	Common	True	2602	2603	2604	2602	2603	2604	aac	aat	Asn	Asn	Synonymous	SNP
Takatsuki-1_H2	mRNAdk	True	2704	2705	2706	2704	2705	2706	ttc	ttt	Phe	Phe	Synonymous	SNP
Takatsuki-1_H2	mRNAdl	True	2704	2705	2706	2704	2705	2706	ttc	ttt	Phe	Phe	Synonymous	SNP
Takatsuki-1_H2	mRNAcl	True	2761	2762	2763	2761	2762	2763	aca	act	Thr	Thr	Synonymous	SNP
Takatsuki-1_H2	mRNAck	True	2761	2762	2763	2761	2762	2763	aca	act	Thr	Thr	Synonymous	SNP
Takatsuki-1_H2	Common	True	2920	2921	2922	2920	2921	2922	agc	agt	Ser	Ser	Synonymous	SNP
Takatsuki-1_H2	Common	True	3388	3389	3390	3388	3389	3390	aag	aaa	Lys	Lys	Synonymous	SNP
Takatsuki-1_H2	Common	True	3697	3698	3699	3697	3698	3699	att	atc	Ile	Ile	Synonymous	SNP
Takatsuki-1_H2	Common	True	3703	3704	3705	3703	3704	3705	atc	att	Ile	Ile	Synonymous	SNP
Takatsuki-1_H2	Common	True	3967	3968	3969	3967	3968	3969	ctg	ctc	Leu	Leu	Synonymous	SNP
Takatsuki-1_H2	Common	True	5596	5597	5598	5596	5597	5598	gac	gat	Asp	Asp	Synonymous	SNP
Takatsuki-1_H2	Common	True	5656	5657	5658	5656	5657	5658	aga	cgc	Arg	Arg	Synonymous	MNP
Takatsuki-1_H2	Common	True	5860	5861	5862	5860	5861	5862	ata	att	Ile	Ile	Synonymous	SNP
Takatsuki-1_H2	Common	True	6130	6131	6132	6139	6140	6141	gaa	gag	Glu	Glu	Synonymous	SNP
Takatsuki-2_H1	Common	True	373	374	375	373	374	375	ctt	ctc	Leu	Leu	Synonymous	SNP
Takatsuki-2_H1	Common	True	1084	1085	1086	1084	1085	1086	tcg	tca	Ser	Ser	Synonymous	SNP
Takatsuki-2_H1	Common	True	1108	1109	1110	1108	1109	1110	gcc	gcg	Ala	Ala	Synonymous	SNP
Takatsuki-2_H1	Common	True	1525	1526	1527	1525	1526	1527	tcg	tcc	Ser	Ser	Synonymous	SNP
Takatsuki-2_H1	Common	True	1795	1796	1797	1795	1796	1797	gat	gac	Asp	Asp	Synonymous	SNP
Takatsuki-2_H1	Common	True	2119	2120	2121	2119	2120	2121	gat	gac	Asp	Asp	Synonymous	SNP
Takatsuki-2_H1	Common	True	2449	2450	2451	2449	2450	2451	acg	aca	Thr	Thr	Synonymous	SNP
Takatsuki-2_H1	Common	True	2602	2603	2604	2602	2603	2604	aac	aat	Asn	Asn	Synonymous	SNP
Takatsuki-2_H1	Common	True	2617	2618	2619	2617	2618	2619	att	ata	Ile	Ile	Synonymous	SNP
Takatsuki-2_H1	mRNAdk	True	2704	2705	2706	2704	2705	2706	ttc	ttt	Phe	Phe	Synonymous	SNP
Takatsuki-2_H1	mRNAdl	True	2704	2705	2706	2704	2705	2706	ttc	ttt	Phe	Phe	Synonymous	SNP
Takatsuki-2_H1	mRNAcl	True	2761	2762	2763	2761	2762	2763	aca	act	Thr	Thr	Synonymous	SNP
Takatsuki-2_H1	mRNAck	True	2761	2762	2763	2761	2762	2763	aca	act	Thr	Thr	Synonymous	SNP
Takatsuki-2_H1	Common	True	2920	2921	2922	2920	2921	2922	agc	agt	Ser	Ser	Synonymous	SNP
Takatsuki-2_H1	Common	True	3388	3389	3390	3388	3389	3390	aag	aaa	Lys	Lys	Synonymous	SNP
Takatsuki-2_H1	Common	True	3697	3698	3699	3697	3698	3699	att	atc	Ile	Ile	Synonymous	SNP
Takatsuki-2_H1	Common	True	3703	3704	3705	3703	3704	3705	atc	att	Ile	Ile	Synonymous	SNP
Takatsuki-2_H1	Common	True	5596	5597	5598	5596	5597	5598	gac	gat	Asp	Asp	Synonymous	SNP
Takatsuki-2_H1	Common	True	5656	5657	5658	5656	5657	5658	aga	cgc	Arg	Arg	Synonymous	MNP
Takatsuki-2_H1	Common	True	5860	5861	5862	5860	5861	5862	ata	att	Ile	Ile	Synonymous	SNP
Takatsuki-2_H1	Common	True	6130	6131	6132	6139	6140	6141	gaa	gag	Glu	Glu	Synonymous	SNP
Takatsuki-2_H2	Common	True	373	374	375	373	374	375	ctt	ctc	Leu	Leu	Synonymous	SNP
Takatsuki-2_H2	Common	True	1081	1082	1083	1081	1082	1083	gat	gac	Asp	Asp	Synonymous	SNP
Takatsuki-2_H2	Common	True	1084	1085	1086	1084	1085	1086	tcg	tca	Ser	Ser	Synonymous	SNP
Takatsuki-2_H2	Common	True	1108	1109	1110	1108	1109	1110	gcc	gcg	Ala	Ala	Synonymous	SNP
Takatsuki-2_H2	Common	True	1315	1316	1317	1315	1316	1317	ata	atc	Ile	Ile	Synonymous	SNP
Takatsuki-2_H2	Common	True	1513	1514	1515	1513	1514	1515	aaa	aag	Lys	Lys	Synonymous	SNP
Takatsuki-2_H2	Common	True	2119	2120	2121	2119	2120	2121	gat	gac	Asp	Asp	Synonymous	SNP
Takatsuki-2_H2	Common	True	2368	2369	2370	2368	2369	2370	ttg	tta	Leu	Leu	Synonymous	SNP
Takatsuki-2_H2	Common	True	2386	2387	2388	2386	2387	2388	gtg	gtc	Val	Val	Synonymous	SNP
Takatsuki-2_H2	Common	True	2449	2450	2451	2449	2450	2451	acg	aca	Thr	Thr	Synonymous	SNP
Takatsuki-2_H2	mRNAdk	True	2752	2753	2754	2752	2753	2754	atg	acg	Met	Thr	Nonsynonymous	SNP
Takatsuki-2_H2	mRNAdl	True	2752	2753	2754	2752	2753	2754	atg	acg	Met	Thr	Nonsynonymous	SNP
Takatsuki-2_H2	Common	True	3040	3041	3042	3040	3041	3042	ctt	ttt	Leu	Phe	Nonsynonymous	SNP
Takatsuki-2_H2	Common	True	3388	3389	3390	3388	3389	3390	aag	aaa	Lys	Lys	Synonymous	SNP
Takatsuki-2_H2	Common	True	3697	3698	3699	3697	3698	3699	att	atc	Ile	Ile	Synonymous	SNP
Takatsuki-2_H2	Common	True	3703	3704	3705	3703	3704	3705	atc	att	Ile	Ile	Synonymous	SNP
Takatsuki-2_H2	Common	True	3709	3710	3711	3709	3710	3711	gcg	gcc	Ala	Ala	Synonymous	SNP
Takatsuki-2_H2	Common	True	4045	4046	4047	4045	4046	4047	gtt	gtc	Val	Val	Synonymous	SNP
Takatsuki-2_H2	Common	True	5596	5597	5598	5596	5597	5598	gac	gat	Asp	Asp	Synonymous	SNP
Takatsuki-2_H2	Common	True	5641	5642	5643	5641	5642	5643	ggc	ggt	Gly	Gly	Synonymous	SNP
Takatsuki-2_H2	Common	True	5860	5861	5862	5860	5861	5862	ata	att	Ile	Ile	Synonymous	SNP
Takatsuki-2_H2	Common	True	6088	6089	6090	6103	6104	6105	acg	gcg	Thr	Ala	Nonsynonymous	SNP
Takatsuki-2_H2	Common	True	6112	6113	6114	6127	6128	6129	aca	tca	Thr	Ser	Nonsynonymous	SNP
Takatsuki-3_H1	Common	True	373	374	375	373	374	375	ctt	ctc	Leu	Leu	Synonymous	SNP
Takatsuki-3_H1	Common	True	1084	1085	1086	1084	1085	1086	tcg	tca	Ser	Ser	Synonymous	SNP
Takatsuki-3_H1	Common	True	1108	1109	1110	1108	1109	1110	gcc	gcg	Ala	Ala	Synonymous	SNP
Takatsuki-3_H1	Common	True	1525	1526	1527	1525	1526	1527	tcg	tcc	Ser	Ser	Synonymous	SNP
Takatsuki-3_H1	Common	True	1795	1796	1797	1795	1796	1797	gat	gac	Asp	Asp	Synonymous	SNP
Takatsuki-3_H1	Common	True	2119	2120	2121	2119	2120	2121	gat	gac	Asp	Asp	Synonymous	SNP
Takatsuki-3_H1	Common	True	2449	2450	2451	2449	2450	2451	acg	aca	Thr	Thr	Synonymous	SNP
Takatsuki-3_H1	Common	True	2602	2603	2604	2602	2603	2604	aac	aat	Asn	Asn	Synonymous	SNP
Takatsuki-3_H1	Common	True	2617	2618	2619	2617	2618	2619	att	ata	Ile	Ile	Synonymous	SNP
Takatsuki-3_H1	mRNAdk	True	2704	2705	2706	2704	2705	2706	ttc	ttt	Phe	Phe	Synonymous	SNP
Takatsuki-3_H1	mRNAdl	True	2704	2705	2706	2704	2705	2706	ttc	ttt	Phe	Phe	Synonymous	SNP
Takatsuki-3_H1	mRNAcl	True	2761	2762	2763	2761	2762	2763	aca	act	Thr	Thr	Synonymous	SNP
Takatsuki-3_H1	mRNAck	True	2761	2762	2763	2761	2762	2763	aca	act	Thr	Thr	Synonymous	SNP
Takatsuki-3_H1	Common	True	2920	2921	2922	2920	2921	2922	agc	agt	Ser	Ser	Synonymous	SNP
Takatsuki-3_H1	Common	True	3388	3389	3390	3388	3389	3390	aag	aaa	Lys	Lys	Synonymous	SNP
Takatsuki-3_H1	Common	True	3697	3698	3699	3697	3698	3699	att	atc	Ile	Ile	Synonymous	SNP
Takatsuki-3_H1	Common	True	3703	3704	3705	3703	3704	3705	atc	att	Ile	Ile	Synonymous	SNP
Takatsuki-3_H1	Common	True	5596	5597	5598	5596	5597	5598	gac	gat	Asp	Asp	Synonymous	SNP
Takatsuki-3_H1	Common	True	5656	5657	5658	5656	5657	5658	aga	cgc	Arg	Arg	Synonymous	MNP
Takatsuki-3_H1	Common	True	5860	5861	5862	5860	5861	5862	ata	att	Ile	Ile	Synonymous	SNP
Takatsuki-3_H1	Common	True	6130	6131	6132	6139	6140	6141	gaa	gag	Glu	Glu	Synonymous	SNP
Takatsuki-3_H2	Common	True	373	374	375	373	374	375	ctt	ctc	Leu	Leu	Synonymous	SNP
Takatsuki-3_H2	Common	True	1084	1085	1086	1084	1085	1086	tcg	tca	Ser	Ser	Synonymous	SNP
Takatsuki-3_H2	Common	True	1108	1109	1110	1108	1109	1110	gcc	gcg	Ala	Ala	Synonymous	SNP
Takatsuki-3_H2	Common	True	1525	1526	1527	1525	1526	1527	tcg	tcc	Ser	Ser	Synonymous	SNP
Takatsuki-3_H2	Common	True	1795	1796	1797	1795	1796	1797	gat	gac	Asp	Asp	Synonymous	SNP
Takatsuki-3_H2	Common	True	2119	2120	2121	2119	2120	2121	gat	gac	Asp	Asp	Synonymous	SNP
Takatsuki-3_H2	Common	True	2449	2450	2451	2449	2450	2451	acg	aca	Thr	Thr	Synonymous	SNP
Takatsuki-3_H2	Common	True	2602	2603	2604	2602	2603	2604	aac	aat	Asn	Asn	Synonymous	SNP
Takatsuki-3_H2	Common	True	2617	2618	2619	2617	2618	2619	att	ata	Ile	Ile	Synonymous	SNP
Takatsuki-3_H2	mRNAdk	True	2704	2705	2706	2704	2705	2706	ttc	ttt	Phe	Phe	Synonymous	SNP
Takatsuki-3_H2	mRNAdl	True	2704	2705	2706	2704	2705	2706	ttc	ttt	Phe	Phe	Synonymous	SNP
Takatsuki-3_H2	mRNAcl	True	2761	2762	2763	2761	2762	2763	aca	act	Thr	Thr	Synonymous	SNP
Takatsuki-3_H2	mRNAck	True	2761	2762	2763	2761	2762	2763	aca	act	Thr	Thr	Synonymous	SNP
Takatsuki-3_H2	Common	True	2920	2921	2922	2920	2921	2922	agc	agt	Ser	Ser	Synonymous	SNP
Takatsuki-3_H2	Common	True	3388	3389	3390	3388	3389	3390	aag	aaa	Lys	Lys	Synonymous	SNP
Takatsuki-3_H2	Common	True	3697	3698	3699	3697	3698	3699	att	atc	Ile	Ile	Synonymous	SNP
Takatsuki-3_H2	Common	True	3703	3704	3705	3703	3704	3705	atc	att	Ile	Ile	Synonymous	SNP
Takatsuki-3_H2	Common	True	5596	5597	5598	5596	5597	5598	gac	gat	Asp	Asp	Synonymous	SNP
Takatsuki-3_H2	Common	True	5656	5657	5658	5656	5657	5658	aga	cgc	Arg	Arg	Synonymous	MNP
Takatsuki-3_H2	Common	True	5860	5861	5862	5860	5861	5862	ata	att	Ile	Ile	Synonymous	SNP
Takatsuki-3_H2	Common	True	6130	6131	6132	6139	6140	6141	gaa	gag	Glu	Glu	Synonymous	SNP
Takatsuki-4_H1	Common	True	373	374	375	373	374	375	ctt	ctc	Leu	Leu	Synonymous	SNP
Takatsuki-4_H1	Common	True	1081	1082	1083	1081	1082	1083	gat	gac	Asp	Asp	Synonymous	SNP
Takatsuki-4_H1	Common	True	1084	1085	1086	1084	1085	1086	tcg	tca	Ser	Ser	Synonymous	SNP
Takatsuki-4_H1	Common	True	1108	1109	1110	1108	1109	1110	gcc	gcg	Ala	Ala	Synonymous	SNP
Takatsuki-4_H1	Common	True	1315	1316	1317	1315	1316	1317	ata	atc	Ile	Ile	Synonymous	SNP
Takatsuki-4_H1	Common	True	1513	1514	1515	1513	1514	1515	aaa	aag	Lys	Lys	Synonymous	SNP
Takatsuki-4_H1	Common	True	2119	2120	2121	2119	2120	2121	gat	gac	Asp	Asp	Synonymous	SNP
Takatsuki-4_H1	Common	True	2368	2369	2370	2368	2369	2370	ttg	tta	Leu	Leu	Synonymous	SNP
Takatsuki-4_H1	Common	True	2386	2387	2388	2386	2387	2388	gtg	gtc	Val	Val	Synonymous	SNP
Takatsuki-4_H1	Common	True	2449	2450	2451	2449	2450	2451	acg	aca	Thr	Thr	Synonymous	SNP
Takatsuki-4_H1	mRNAdk	True	2752	2753	2754	2752	2753	2754	atg	acg	Met	Thr	Nonsynonymous	SNP
Takatsuki-4_H1	mRNAdl	True	2752	2753	2754	2752	2753	2754	atg	acg	Met	Thr	Nonsynonymous	SNP
Takatsuki-4_H1	Common	True	3040	3041	3042	3040	3041	3042	ctt	ttt	Leu	Phe	Nonsynonymous	SNP
Takatsuki-4_H1	Common	True	3388	3389	3390	3388	3389	3390	aag	aaa	Lys	Lys	Synonymous	SNP
Takatsuki-4_H1	Common	True	3697	3698	3699	3697	3698	3699	att	atc	Ile	Ile	Synonymous	SNP
Takatsuki-4_H1	Common	True	3703	3704	3705	3703	3704	3705	atc	att	Ile	Ile	Synonymous	SNP
Takatsuki-4_H1	Common	True	3709	3710	3711	3709	3710	3711	gcg	gcc	Ala	Ala	Synonymous	SNP
Takatsuki-4_H1	Common	True	4045	4046	4047	4045	4046	4047	gtt	gtc	Val	Val	Synonymous	SNP
Takatsuki-4_H1	Common	True	5596	5597	5598	5596	5597	5598	gac	gat	Asp	Asp	Synonymous	SNP
Takatsuki-4_H1	Common	True	5641	5642	5643	5641	5642	5643	ggc	ggt	Gly	Gly	Synonymous	SNP
Takatsuki-4_H1	Common	True	5860	5861	5862	5860	5861	5862	ata	att	Ile	Ile	Synonymous	SNP
Takatsuki-4_H1	Common	True	6088	6089	6090	6103	6104	6105	acg	gcg	Thr	Ala	Nonsynonymous	SNP
Takatsuki-4_H1	Common	True	6112	6113	6114	6127	6128	6129	aca	tca	Thr	Ser	Nonsynonymous	SNP
Takatsuki-4_H2	Common	True	373	374	375	373	374	375	ctt	ctc	Leu	Leu	Synonymous	SNP
Takatsuki-4_H2	Common	True	1081	1082	1083	1081	1082	1083	gat	gac	Asp	Asp	Synonymous	SNP
Takatsuki-4_H2	Common	True	1084	1085	1086	1084	1085	1086	tcg	tca	Ser	Ser	Synonymous	SNP
Takatsuki-4_H2	Common	True	1108	1109	1110	1108	1109	1110	gcc	gcg	Ala	Ala	Synonymous	SNP
Takatsuki-4_H2	Common	True	1315	1316	1317	1315	1316	1317	ata	atc	Ile	Ile	Synonymous	SNP
Takatsuki-4_H2	Common	True	1513	1514	1515	1513	1514	1515	aaa	aag	Lys	Lys	Synonymous	SNP
Takatsuki-4_H2	Common	True	2119	2120	2121	2119	2120	2121	gat	gac	Asp	Asp	Synonymous	SNP
Takatsuki-4_H2	Common	True	2368	2369	2370	2368	2369	2370	ttg	tta	Leu	Leu	Synonymous	SNP
Takatsuki-4_H2	Common	True	2386	2387	2388	2386	2387	2388	gtg	gtc	Val	Val	Synonymous	SNP
Takatsuki-4_H2	Common	True	2449	2450	2451	2449	2450	2451	acg	aca	Thr	Thr	Synonymous	SNP
Takatsuki-4_H2	mRNAdk	True	2752	2753	2754	2752	2753	2754	atg	acg	Met	Thr	Nonsynonymous	SNP
Takatsuki-4_H2	mRNAdl	True	2752	2753	2754	2752	2753	2754	atg	acg	Met	Thr	Nonsynonymous	SNP
Takatsuki-4_H2	Common	True	3040	3041	3042	3040	3041	3042	ctt	ttt	Leu	Phe	Nonsynonymous	SNP
Takatsuki-4_H2	Common	True	3388	3389	3390	3388	3389	3390	aag	aaa	Lys	Lys	Synonymous	SNP
Takatsuki-4_H2	Common	True	3697	3698	3699	3697	3698	3699	att	atc	Ile	Ile	Synonymous	SNP
Takatsuki-4_H2	Common	True	3703	3704	3705	3703	3704	3705	atc	att	Ile	Ile	Synonymous	SNP
Takatsuki-4_H2	Common	True	3709	3710	3711	3709	3710	3711	gcg	gcc	Ala	Ala	Synonymous	SNP
Takatsuki-4_H2	Common	True	4045	4046	4047	4045	4046	4047	gtt	gtc	Val	Val	Synonymous	SNP
Takatsuki-4_H2	Common	True	5596	5597	5598	5596	5597	5598	gac	gat	Asp	Asp	Synonymous	SNP
Takatsuki-4_H2	Common	True	5641	5642	5643	5641	5642	5643	ggc	ggt	Gly	Gly	Synonymous	SNP
Takatsuki-4_H2	Common	True	5860	5861	5862	5860	5861	5862	ata	att	Ile	Ile	Synonymous	SNP
Takatsuki-4_H2	Common	True	6088	6089	6090	6103	6104	6105	acg	gcg	Thr	Ala	Nonsynonymous	SNP
Takatsuki-4_H2	Common	True	6112	6113	6114	6127	6128	6129	aca	tca	Thr	Ser	Nonsynonymous	SNP
TypeD-1_H1	Common	True	1081	1082	1083	1081	1082	1083	gat	gac	Asp	Asp	Synonymous	SNP
TypeD-1_H1	Common	True	1084	1085	1086	1084	1085	1086	tcg	tca	Ser	Ser	Synonymous	SNP
TypeD-1_H1	Common	True	1108	1109	1110	1108	1109	1110	gcc	gcg	Ala	Ala	Synonymous	SNP
TypeD-1_H1	Common	True	2539	2540	2541	2539	2540	2541	gca	gcg	Ala	Ala	Synonymous	SNP
TypeD-1_H1	Common	True	2590	2591	2592	2590	2591	2592	cag	caa	Gln	Gln	Synonymous	SNP
TypeD-1_H1	mRNAdk	True	2752	2753	2754	2752	2753	2754	atg	acg	Met	Thr	Nonsynonymous	SNP
TypeD-1_H1	mRNAdl	True	2752	2753	2754	2752	2753	2754	atg	acg	Met	Thr	Nonsynonymous	SNP
TypeD-1_H1	Common	True	2857	2858	2859	2857	2858	2859	gac	gat	Asp	Asp	Synonymous	SNP
TypeD-1_H1	Common	True	3040	3041	3042	3040	3041	3042	ctt	ttt	Leu	Phe	Nonsynonymous	SNP
TypeD-1_H1	Common	True	3697	3698	3699	3697	3698	3699	att	atc	Ile	Ile	Synonymous	SNP
TypeD-1_H1	Common	True	3703	3704	3705	3703	3704	3705	atc	att	Ile	Ile	Synonymous	SNP
TypeD-1_H1	Common	True	3709	3710	3711	3709	3710	3711	gcg	gcc	Ala	Ala	Synonymous	SNP
TypeD-1_H1	Common	True	3754	3755	3756	3754	3755	3756	ttc	ttt	Phe	Phe	Synonymous	SNP
TypeD-1_H1	Common	True	5596	5597	5598	5596	5597	5598	gac	gat	Asp	Asp	Synonymous	SNP
TypeD-1_H1	Common	True	5656	5657	5658	5656	5657	5658	aga	cgc	Arg	Arg	Synonymous	MNP
TypeD-1_H1	Common	True	5677	5678	5679	5677	5678	5679	ttc	ttt	Phe	Phe	Synonymous	SNP
TypeD-1_H1	Common	True	6007	6008	6009	6007	6008	6009	gct	gat	Ala	Asp	Nonsynonymous	SNP
TypeD-1_H1	Common	True	6148	6149	6150	6148	6149	6150	gtc	gcc	Val	Ala	Nonsynonymous	SNP
TypeD-1_H2	Common	True	1081	1082	1083	1081	1082	1083	gat	gac	Asp	Asp	Synonymous	SNP
TypeD-1_H2	Common	True	1084	1085	1086	1084	1085	1086	tcg	tca	Ser	Ser	Synonymous	SNP
TypeD-1_H2	Common	True	1108	1109	1110	1108	1109	1110	gcc	gcg	Ala	Ala	Synonymous	SNP
TypeD-1_H2	Common	True	2539	2540	2541	2539	2540	2541	gca	gcg	Ala	Ala	Synonymous	SNP
TypeD-1_H2	Common	True	2590	2591	2592	2590	2591	2592	cag	caa	Gln	Gln	Synonymous	SNP
TypeD-1_H2	mRNAdk	True	2752	2753	2754	2752	2753	2754	atg	acg	Met	Thr	Nonsynonymous	SNP
TypeD-1_H2	mRNAdl	True	2752	2753	2754	2752	2753	2754	atg	acg	Met	Thr	Nonsynonymous	SNP
TypeD-1_H2	Common	True	2857	2858	2859	2857	2858	2859	gac	gat	Asp	Asp	Synonymous	SNP
TypeD-1_H2	Common	True	3040	3041	3042	3040	3041	3042	ctt	ttt	Leu	Phe	Nonsynonymous	SNP
TypeD-1_H2	Common	True	3697	3698	3699	3697	3698	3699	att	atc	Ile	Ile	Synonymous	SNP
TypeD-1_H2	Common	True	3703	3704	3705	3703	3704	3705	atc	att	Ile	Ile	Synonymous	SNP
TypeD-1_H2	Common	True	3709	3710	3711	3709	3710	3711	gcg	gcc	Ala	Ala	Synonymous	SNP
TypeD-1_H2	Common	True	3754	3755	3756	3754	3755	3756	ttc	ttt	Phe	Phe	Synonymous	SNP
TypeD-1_H2	Common	True	5596	5597	5598	5596	5597	5598	gac	gat	Asp	Asp	Synonymous	SNP
TypeD-1_H2	Common	True	5656	5657	5658	5656	5657	5658	aga	cgc	Arg	Arg	Synonymous	MNP
TypeD-1_H2	Common	True	5677	5678	5679	5677	5678	5679	ttc	ttt	Phe	Phe	Synonymous	SNP
TypeD-1_H2	Common	True	6007	6008	6009	6007	6008	6009	gct	gat	Ala	Asp	Nonsynonymous	SNP
TypeD-1_H2	Common	True	6148	6149	6150	6148	6149	6150	gtc	gcc	Val	Ala	Nonsynonymous	SNP
TypeD-2_H1	Common	True	1081	1082	1083	1081	1082	1083	gat	gac	Asp	Asp	Synonymous	SNP
TypeD-2_H1	Common	True	1084	1085	1086	1084	1085	1086	tcg	tca	Ser	Ser	Synonymous	SNP
TypeD-2_H1	Common	True	1108	1109	1110	1108	1109	1110	gcc	gcg	Ala	Ala	Synonymous	SNP
TypeD-2_H1	Common	True	2539	2540	2541	2539	2540	2541	gca	gcg	Ala	Ala	Synonymous	SNP
TypeD-2_H1	Common	True	2590	2591	2592	2590	2591	2592	cag	caa	Gln	Gln	Synonymous	SNP
TypeD-2_H1	mRNAdk	True	2752	2753	2754	2752	2753	2754	atg	acg	Met	Thr	Nonsynonymous	SNP
TypeD-2_H1	mRNAdl	True	2752	2753	2754	2752	2753	2754	atg	acg	Met	Thr	Nonsynonymous	SNP
TypeD-2_H1	Common	True	2857	2858	2859	2857	2858	2859	gac	gat	Asp	Asp	Synonymous	SNP
TypeD-2_H1	Common	True	3040	3041	3042	3040	3041	3042	ctt	ttt	Leu	Phe	Nonsynonymous	SNP
TypeD-2_H1	Common	True	3697	3698	3699	3697	3698	3699	att	atc	Ile	Ile	Synonymous	SNP
TypeD-2_H1	Common	True	3703	3704	3705	3703	3704	3705	atc	att	Ile	Ile	Synonymous	SNP
TypeD-2_H1	Common	True	3709	3710	3711	3709	3710	3711	gcg	gcc	Ala	Ala	Synonymous	SNP
TypeD-2_H1	Common	True	3754	3755	3756	3754	3755	3756	ttc	ttt	Phe	Phe	Synonymous	SNP
TypeD-2_H1	Common	True	5596	5597	5598	5596	5597	5598	gac	gat	Asp	Asp	Synonymous	SNP
TypeD-2_H1	Common	True	5656	5657	5658	5656	5657	5658	aga	cgc	Arg	Arg	Synonymous	MNP
TypeD-2_H1	Common	True	5677	5678	5679	5677	5678	5679	ttc	ttt	Phe	Phe	Synonymous	SNP
TypeD-2_H1	Common	True	6007	6008	6009	6007	6008	6009	gct	gat	Ala	Asp	Nonsynonymous	SNP
TypeD-2_H1	Common	True	6148	6149	6150	6148	6149	6150	gtc	gcc	Val	Ala	Nonsynonymous	SNP
TypeD-2_H2	Common	True	1081	1082	1083	1081	1082	1083	gat	gac	Asp	Asp	Synonymous	SNP
TypeD-2_H2	Common	True	1084	1085	1086	1084	1085	1086	tcg	tca	Ser	Ser	Synonymous	SNP
TypeD-2_H2	Common	True	1108	1109	1110	1108	1109	1110	gcc	gcg	Ala	Ala	Synonymous	SNP
TypeD-2_H2	Common	True	2539	2540	2541	2539	2540	2541	gca	gcg	Ala	Ala	Synonymous	SNP
TypeD-2_H2	Common	True	2590	2591	2592	2590	2591	2592	cag	caa	Gln	Gln	Synonymous	SNP
TypeD-2_H2	mRNAdk	True	2752	2753	2754	2752	2753	2754	atg	acg	Met	Thr	Nonsynonymous	SNP
TypeD-2_H2	mRNAdl	True	2752	2753	2754	2752	2753	2754	atg	acg	Met	Thr	Nonsynonymous	SNP
TypeD-2_H2	Common	True	2857	2858	2859	2857	2858	2859	gac	gat	Asp	Asp	Synonymous	SNP
TypeD-2_H2	Common	True	3040	3041	3042	3040	3041	3042	ctt	ttt	Leu	Phe	Nonsynonymous	SNP
TypeD-2_H2	Common	True	3697	3698	3699	3697	3698	3699	att	atc	Ile	Ile	Synonymous	SNP
TypeD-2_H2	Common	True	3703	3704	3705	3703	3704	3705	atc	att	Ile	Ile	Synonymous	SNP
TypeD-2_H2	Common	True	3709	3710	3711	3709	3710	3711	gcg	gcc	Ala	Ala	Synonymous	SNP
TypeD-2_H2	Common	True	3754	3755	3756	3754	3755	3756	ttc	ttt	Phe	Phe	Synonymous	SNP
TypeD-2_H2	Common	True	5596	5597	5598	5596	5597	5598	gac	gat	Asp	Asp	Synonymous	SNP
TypeD-2_H2	Common	True	5656	5657	5658	5656	5657	5658	aga	cgc	Arg	Arg	Synonymous	MNP
TypeD-2_H2	Common	True	5677	5678	5679	5677	5678	5679	ttc	ttt	Phe	Phe	Synonymous	SNP
TypeD-2_H2	Common	True	6007	6008	6009	6007	6008	6009	gct	gat	Ala	Asp	Nonsynonymous	SNP
TypeD-2_H2	Common	True	6148	6149	6150	6148	6149	6150	gtc	gcc	Val	Ala	Nonsynonymous	SNP
TypeD-3_H1	Common	True	1081	1082	1083	1081	1082	1083	gat	gac	Asp	Asp	Synonymous	SNP
TypeD-3_H1	Common	True	1084	1085	1086	1084	1085	1086	tcg	tca	Ser	Ser	Synonymous	SNP
TypeD-3_H1	Common	True	1108	1109	1110	1108	1109	1110	gcc	gcg	Ala	Ala	Synonymous	SNP
TypeD-3_H1	Common	True	2539	2540	2541	2539	2540	2541	gca	gcg	Ala	Ala	Synonymous	SNP
TypeD-3_H1	Common	True	2590	2591	2592	2590	2591	2592	cag	caa	Gln	Gln	Synonymous	SNP
TypeD-3_H1	mRNAdk	True	2752	2753	2754	2752	2753	2754	atg	acg	Met	Thr	Nonsynonymous	SNP
TypeD-3_H1	mRNAdl	True	2752	2753	2754	2752	2753	2754	atg	acg	Met	Thr	Nonsynonymous	SNP
TypeD-3_H1	Common	True	2857	2858	2859	2857	2858	2859	gac	gat	Asp	Asp	Synonymous	SNP
TypeD-3_H1	Common	True	3040	3041	3042	3040	3041	3042	ctt	ttt	Leu	Phe	Nonsynonymous	SNP
TypeD-3_H1	Common	True	3697	3698	3699	3697	3698	3699	att	atc	Ile	Ile	Synonymous	SNP
TypeD-3_H1	Common	True	3703	3704	3705	3703	3704	3705	atc	att	Ile	Ile	Synonymous	SNP
TypeD-3_H1	Common	True	3709	3710	3711	3709	3710	3711	gcg	gcc	Ala	Ala	Synonymous	SNP
TypeD-3_H1	Common	True	3754	3755	3756	3754	3755	3756	ttc	ttt	Phe	Phe	Synonymous	SNP
TypeD-3_H1	Common	True	5596	5597	5598	5596	5597	5598	gac	gat	Asp	Asp	Synonymous	SNP
TypeD-3_H1	Common	True	5656	5657	5658	5656	5657	5658	aga	cgc	Arg	Arg	Synonymous	MNP
TypeD-3_H1	Common	True	5677	5678	5679	5677	5678	5679	ttc	ttt	Phe	Phe	Synonymous	SNP
TypeD-3_H1	Common	True	6007	6008	6009	6007	6008	6009	gct	gat	Ala	Asp	Nonsynonymous	SNP
TypeD-3_H1	Common	True	6148	6149	6150	6148	6149	6150	gtc	gcc	Val	Ala	Nonsynonymous	SNP
TypeD-3_H2	Common	True	1081	1082	1083	1081	1082	1083	gat	gac	Asp	Asp	Synonymous	SNP
TypeD-3_H2	Common	True	1084	1085	1086	1084	1085	1086	tcg	tca	Ser	Ser	Synonymous	SNP
TypeD-3_H2	Common	True	1108	1109	1110	1108	1109	1110	gcc	gcg	Ala	Ala	Synonymous	SNP
TypeD-3_H2	Common	True	2539	2540	2541	2539	2540	2541	gca	gcg	Ala	Ala	Synonymous	SNP
TypeD-3_H2	Common	True	2590	2591	2592	2590	2591	2592	cag	caa	Gln	Gln	Synonymous	SNP
TypeD-3_H2	mRNAdk	True	2752	2753	2754	2752	2753	2754	atg	acg	Met	Thr	Nonsynonymous	SNP
TypeD-3_H2	mRNAdl	True	2752	2753	2754	2752	2753	2754	atg	acg	Met	Thr	Nonsynonymous	SNP
TypeD-3_H2	Common	True	2857	2858	2859	2857	2858	2859	gac	gat	Asp	Asp	Synonymous	SNP
TypeD-3_H2	Common	True	3040	3041	3042	3040	3041	3042	ctt	ttt	Leu	Phe	Nonsynonymous	SNP
TypeD-3_H2	Common	True	3697	3698	3699	3697	3698	3699	att	atc	Ile	Ile	Synonymous	SNP
TypeD-3_H2	Common	True	3703	3704	3705	3703	3704	3705	atc	att	Ile	Ile	Synonymous	SNP
TypeD-3_H2	Common	True	3709	3710	3711	3709	3710	3711	gcg	gcc	Ala	Ala	Synonymous	SNP
TypeD-3_H2	Common	True	3754	3755	3756	3754	3755	3756	ttc	ttt	Phe	Phe	Synonymous	SNP
TypeD-3_H2	Common	True	5596	5597	5598	5596	5597	5598	gac	gat	Asp	Asp	Synonymous	SNP
TypeD-3_H2	Common	True	5656	5657	5658	5656	5657	5658	aga	cgc	Arg	Arg	Synonymous	MNP
TypeD-3_H2	Common	True	5677	5678	5679	5677	5678	5679	ttc	ttt	Phe	Phe	Synonymous	SNP
TypeD-3_H2	Common	True	6007	6008	6009	6007	6008	6009	gct	gat	Ala	Asp	Nonsynonymous	SNP
TypeD-3_H2	Common	True	6148	6149	6150	6148	6149	6150	gtc	gcc	Val	Ala	Nonsynonymous	SNP
TypeD-4_H1	Common	True	1081	1082	1083	1081	1082	1083	gat	gac	Asp	Asp	Synonymous	SNP
TypeD-4_H1	Common	True	1084	1085	1086	1084	1085	1086	tcg	tca	Ser	Ser	Synonymous	SNP
TypeD-4_H1	Common	True	1108	1109	1110	1108	1109	1110	gcc	gcg	Ala	Ala	Synonymous	SNP
TypeD-4_H1	Common	True	2539	2540	2541	2539	2540	2541	gca	gcg	Ala	Ala	Synonymous	SNP
TypeD-4_H1	Common	True	2590	2591	2592	2590	2591	2592	cag	caa	Gln	Gln	Synonymous	SNP
TypeD-4_H1	mRNAdk	True	2752	2753	2754	2752	2753	2754	atg	acg	Met	Thr	Nonsynonymous	SNP
TypeD-4_H1	mRNAdl	True	2752	2753	2754	2752	2753	2754	atg	acg	Met	Thr	Nonsynonymous	SNP
TypeD-4_H1	Common	True	2857	2858	2859	2857	2858	2859	gac	gat	Asp	Asp	Synonymous	SNP
TypeD-4_H1	Common	True	3040	3041	3042	3040	3041	3042	ctt	ttt	Leu	Phe	Nonsynonymous	SNP
TypeD-4_H1	Common	True	3697	3698	3699	3697	3698	3699	att	atc	Ile	Ile	Synonymous	SNP
TypeD-4_H1	Common	True	3703	3704	3705	3703	3704	3705	atc	att	Ile	Ile	Synonymous	SNP
TypeD-4_H1	Common	True	3709	3710	3711	3709	3710	3711	gcg	gcc	Ala	Ala	Synonymous	SNP
TypeD-4_H1	Common	True	3754	3755	3756	3754	3755	3756	ttc	ttt	Phe	Phe	Synonymous	SNP
TypeD-4_H1	Common	True	5596	5597	5598	5596	5597	5598	gac	gat	Asp	Asp	Synonymous	SNP
TypeD-4_H1	Common	True	5656	5657	5658	5656	5657	5658	aga	cgc	Arg	Arg	Synonymous	MNP
TypeD-4_H1	Common	True	5677	5678	5679	5677	5678	5679	ttc	ttt	Phe	Phe	Synonymous	SNP
TypeD-4_H1	Common	True	6007	6008	6009	6007	6008	6009	gct	gat	Ala	Asp	Nonsynonymous	SNP
TypeD-4_H1	Common	True	6148	6149	6150	6148	6149	6150	gtc	gcc	Val	Ala	Nonsynonymous	SNP
TypeD-4_H2	Common	True	1081	1082	1083	1081	1082	1083	gat	gac	Asp	Asp	Synonymous	SNP
TypeD-4_H2	Common	True	1084	1085	1086	1084	1085	1086	tcg	tca	Ser	Ser	Synonymous	SNP
TypeD-4_H2	Common	True	1108	1109	1110	1108	1109	1110	gcc	gcg	Ala	Ala	Synonymous	SNP
TypeD-4_H2	Common	True	2539	2540	2541	2539	2540	2541	gca	gcg	Ala	Ala	Synonymous	SNP
TypeD-4_H2	Common	True	2590	2591	2592	2590	2591	2592	cag	caa	Gln	Gln	Synonymous	SNP
TypeD-4_H2	mRNAdk	True	2752	2753	2754	2752	2753	2754	atg	acg	Met	Thr	Nonsynonymous	SNP
TypeD-4_H2	mRNAdl	True	2752	2753	2754	2752	2753	2754	atg	acg	Met	Thr	Nonsynonymous	SNP
TypeD-4_H2	Common	True	2857	2858	2859	2857	2858	2859	gac	gat	Asp	Asp	Synonymous	SNP
TypeD-4_H2	Common	True	3040	3041	3042	3040	3041	3042	ctt	ttt	Leu	Phe	Nonsynonymous	SNP
TypeD-4_H2	Common	True	3697	3698	3699	3697	3698	3699	att	atc	Ile	Ile	Synonymous	SNP
TypeD-4_H2	Common	True	3703	3704	3705	3703	3704	3705	atc	att	Ile	Ile	Synonymous	SNP
TypeD-4_H2	Common	True	3709	3710	3711	3709	3710	3711	gcg	gcc	Ala	Ala	Synonymous	SNP
TypeD-4_H2	Common	True	3754	3755	3756	3754	3755	3756	ttc	ttt	Phe	Phe	Synonymous	SNP
TypeD-4_H2	Common	True	5596	5597	5598	5596	5597	5598	gac	gat	Asp	Asp	Synonymous	SNP
TypeD-4_H2	Common	True	5656	5657	5658	5656	5657	5658	aga	cgc	Arg	Arg	Synonymous	MNP
TypeD-4_H2	Common	True	5677	5678	5679	5677	5678	5679	ttc	ttt	Phe	Phe	Synonymous	SNP
TypeD-4_H2	Common	True	6007	6008	6009	6007	6008	6009	gct	gat	Ala	Asp	Nonsynonymous	SNP
TypeD-4_H2	Common	True	6148	6149	6150	6148	6149	6150	gtc	gcc	Val	Ala	Nonsynonymous	SNP
