Sample	Transcript	Valid_translation	Ref_CDS_pos1	Ref_CDS_pos2	Ref_CDS_pos3	CDS_pos1	CDS_pos2	CDS_pos3	Ref_codon	Sample_codon	Ref_AA	Sample_AA	Mutation_type	Variant_type	genome_pos1	genome_pos2	genome_pos3	MdAA_pos	Md_AA
Chubo-1_H1	Common	True	373	374	375	373	374	375	ctt	ctc	Leu	Leu	Synonymous	SNP	29856	29857	29858	125	Leu
Chubo-1_H1	Common	True	1081	1082	1083	1081	1082	1083	gat	gac	Asp	Asp	Synonymous	SNP	61159	61160	61161	361	Asp
Chubo-1_H1	Common	True	1084	1085	1086	1084	1085	1086	tcg	tca	Ser	Ser	Synonymous	SNP	61162	61163	61164	362	Ser
Chubo-1_H1	Common	True	1108	1109	1110	1108	1109	1110	gcc	gcg	Ala	Ala	Synonymous	SNP	61186	61187	61188	370	Ala
Chubo-1_H1	Common	True	1315	1316	1317	1315	1316	1317	ata	atc	Ile	Ile	Synonymous	SNP	61393	61394	61395	439	Ile
Chubo-1_H1	Common	True	1513	1514	1515	1513	1514	1515	aaa	aag	Lys	Lys	Synonymous	SNP	62434	62435	62436	505	Lys
Chubo-1_H1	Common	True	2119	2120	2121	2119	2120	2121	gat	gac	Asp	Asp	Synonymous	SNP	82699	82700	82701	707	Asp
Chubo-1_H1	Common	True	2368	2369	2370	2368	2369	2370	ttg	tta	Leu	Leu	Synonymous	SNP	96461	96462	96463	790	Leu
Chubo-1_H1	Common	True	2386	2387	2388	2386	2387	2388	gtg	gtc	Val	Val	Synonymous	SNP	96479	96480	96481	796	Val
Chubo-1_H1	Common	True	2449	2450	2451	2449	2450	2451	acg	aca	Thr	Thr	Synonymous	SNP	96542	96543	96544	817	Thr
Chubo-1_H1	mRNAd	True	2752	2753	2754	2752	2753	2754	atg	acg	Met	Thr	Nonsynonymous	SNP	98021	98022	98023	918	Met
Chubo-1_H1	Common	True	3040	3041	3042	3040	3041	3042	ctt	ttt	Leu	Phe	Nonsynonymous	SNP	104039	104040	104041	1014	Leu
Chubo-1_H1	Common	True	3388	3389	3390	3388	3389	3390	aag	aaa	Lys	Lys	Synonymous	SNP	114476	114477	114478	1130	Lys
Chubo-1_H1	Common	True	3697	3698	3699	3697	3698	3699	att	atc	Ile	Ile	Synonymous	SNP	117079	117080	117081	1233	Ile
Chubo-1_H1	Common	True	3703	3704	3705	3703	3704	3705	atc	att	Ile	Ile	Synonymous	SNP	117085	117086	117087	1235	Ile
Chubo-1_H1	Common	True	3709	3710	3711	3709	3710	3711	gcg	gcc	Ala	Ala	Synonymous	SNP	117091	117092	117093	1237	Ala
Chubo-1_H1	Common	True	4045	4046	4047	4045	4046	4047	gtt	gtc	Val	Val	Synonymous	SNP	118308	118309	118310	1349	Val
Chubo-1_H1	Common	True	5596	5597	5598	5596	5597	5598	gac	gat	Asp	Asp	Synonymous	SNP	176810	176811	176812	1866	Asp
Chubo-1_H1	Common	True	5641	5642	5643	5641	5642	5643	ggc	ggt	Gly	Gly	Synonymous	SNP	176855	176856	176857	1881	Gly
Chubo-1_H1	Common	True	5860	5861	5862	5860	5861	5862	ata	att	Ile	Ile	Synonymous	SNP	177074	177075	177076	1954	Ile
Chubo-1_H1	Common	True	6088	6089	6090	6103	6104	6105	acg	gcg	Thr	Ala	Nonsynonymous	SNP	177302	177303	177304	2030	Thr
Chubo-1_H1	Common	True	6112	6113	6114	6127	6128	6129	aca	tca	Thr	Ser	Nonsynonymous	SNP	177326	177327	177328	2042	Ser
Chubo-1_H2	Common	True	373	374	375	373	374	375	ctt	ctc	Leu	Leu	Synonymous	SNP	29856	29857	29858	125	Leu
Chubo-1_H2	Common	True	1081	1082	1083	1081	1082	1083	gat	gac	Asp	Asp	Synonymous	SNP	61159	61160	61161	361	Asp
Chubo-1_H2	Common	True	1084	1085	1086	1084	1085	1086	tcg	tca	Ser	Ser	Synonymous	SNP	61162	61163	61164	362	Ser
Chubo-1_H2	Common	True	1108	1109	1110	1108	1109	1110	gcc	gcg	Ala	Ala	Synonymous	SNP	61186	61187	61188	370	Ala
Chubo-1_H2	Common	True	1315	1316	1317	1315	1316	1317	ata	atc	Ile	Ile	Synonymous	SNP	61393	61394	61395	439	Ile
Chubo-1_H2	Common	True	1513	1514	1515	1513	1514	1515	aaa	aag	Lys	Lys	Synonymous	SNP	62434	62435	62436	505	Lys
Chubo-1_H2	Common	True	2119	2120	2121	2119	2120	2121	gat	gac	Asp	Asp	Synonymous	SNP	82699	82700	82701	707	Asp
Chubo-1_H2	Common	True	2368	2369	2370	2368	2369	2370	ttg	tta	Leu	Leu	Synonymous	SNP	96461	96462	96463	790	Leu
Chubo-1_H2	Common	True	2386	2387	2388	2386	2387	2388	gtg	gtc	Val	Val	Synonymous	SNP	96479	96480	96481	796	Val
Chubo-1_H2	Common	True	2449	2450	2451	2449	2450	2451	acg	aca	Thr	Thr	Synonymous	SNP	96542	96543	96544	817	Thr
Chubo-1_H2	mRNAd	True	2752	2753	2754	2752	2753	2754	atg	acg	Met	Thr	Nonsynonymous	SNP	98021	98022	98023	918	Met
Chubo-1_H2	Common	True	3040	3041	3042	3040	3041	3042	ctt	ttt	Leu	Phe	Nonsynonymous	SNP	104039	104040	104041	1014	Leu
Chubo-1_H2	Common	True	3388	3389	3390	3388	3389	3390	aag	aaa	Lys	Lys	Synonymous	SNP	114476	114477	114478	1130	Lys
Chubo-1_H2	Common	True	3697	3698	3699	3697	3698	3699	att	atc	Ile	Ile	Synonymous	SNP	117079	117080	117081	1233	Ile
Chubo-1_H2	Common	True	3703	3704	3705	3703	3704	3705	atc	att	Ile	Ile	Synonymous	SNP	117085	117086	117087	1235	Ile
Chubo-1_H2	Common	True	3709	3710	3711	3709	3710	3711	gcg	gcc	Ala	Ala	Synonymous	SNP	117091	117092	117093	1237	Ala
Chubo-1_H2	Common	True	4045	4046	4047	4045	4046	4047	gtt	gtc	Val	Val	Synonymous	SNP	118308	118309	118310	1349	Val
Chubo-1_H2	Common	True	5596	5597	5598	5596	5597	5598	gac	gat	Asp	Asp	Synonymous	SNP	176810	176811	176812	1866	Asp
Chubo-1_H2	Common	True	5641	5642	5643	5641	5642	5643	ggc	ggt	Gly	Gly	Synonymous	SNP	176855	176856	176857	1881	Gly
Chubo-1_H2	Common	True	5860	5861	5862	5860	5861	5862	ata	att	Ile	Ile	Synonymous	SNP	177074	177075	177076	1954	Ile
Chubo-1_H2	Common	True	6088	6089	6090	6103	6104	6105	acg	gcg	Thr	Ala	Nonsynonymous	SNP	177302	177303	177304	2030	Thr
Chubo-1_H2	Common	True	6112	6113	6114	6127	6128	6129	aca	tca	Thr	Ser	Nonsynonymous	SNP	177326	177327	177328	2042	Ser
Chubo-2_H1	Common	True	109	110	111	109	110	111	caa	cag	Gln	Gln	Synonymous	SNP	1108	1109	1110	37	Gln
Chubo-2_H1	Common	True	373	374	375	373	374	375	ctt	ctc	Leu	Leu	Synonymous	SNP	29856	29857	29858	125	Leu
Chubo-2_H1	Common	True	1021	1022	1023	1021	1022	1023	gaa	gag	Glu	Glu	Synonymous	SNP	61099	61100	61101	341	Glu
Chubo-2_H1	Common	True	1084	1085	1086	1084	1085	1086	tcg	tca	Ser	Ser	Synonymous	SNP	61162	61163	61164	362	Ser
Chubo-2_H1	Common	True	1108	1109	1110	1108	1109	1110	gcc	gcg	Ala	Ala	Synonymous	SNP	61186	61187	61188	370	Ala
Chubo-2_H1	Common	True	1525	1526	1527	1525	1526	1527	tcg	tcc	Ser	Ser	Synonymous	SNP	62446	62447	62448	509	Ser
Chubo-2_H1	Common	True	2119	2120	2121	2119	2120	2121	gat	gac	Asp	Asp	Synonymous	SNP	82699	82700	82701	707	Asp
Chubo-2_H1	Common	True	2368	2369	2370	2368	2369	2370	ttg	tta	Leu	Leu	Synonymous	SNP	96461	96462	96463	790	Leu
Chubo-2_H1	Common	True	2386	2387	2388	2386	2387	2388	gtg	gtc	Val	Val	Synonymous	SNP	96479	96480	96481	796	Val
Chubo-2_H1	Common	True	2449	2450	2451	2449	2450	2451	acg	aca	Thr	Thr	Synonymous	SNP	96542	96543	96544	817	Thr
Chubo-2_H1	mRNAd	True	2752	2753	2754	2752	2753	2754	atg	acg	Met	Thr	Nonsynonymous	SNP	98021	98022	98023	918	Met
Chubo-2_H1	Common	True	3040	3041	3042	3040	3041	3042	ctt	ttt	Leu	Phe	Nonsynonymous	SNP	104039	104040	104041	1014	Leu
Chubo-2_H1	Common	True	3388	3389	3390	3388	3389	3390	aag	aaa	Lys	Lys	Synonymous	SNP	114476	114477	114478	1130	Lys
Chubo-2_H1	Common	True	3697	3698	3699	3697	3698	3699	att	atc	Ile	Ile	Synonymous	SNP	117079	117080	117081	1233	Ile
Chubo-2_H1	Common	True	3703	3704	3705	3703	3704	3705	atc	att	Ile	Ile	Synonymous	SNP	117085	117086	117087	1235	Ile
Chubo-2_H1	Common	True	3709	3710	3711	3709	3710	3711	gcg	gcc	Ala	Ala	Synonymous	SNP	117091	117092	117093	1237	Ala
Chubo-2_H1	Common	True	3739	3740	3741	3739	3740	3741	tat	tac	Tyr	Tyr	Synonymous	SNP	117121	117122	117123	1247	Tyr
Chubo-2_H1	Common	True	4435	4436	4437	4435	4436	4437	aac	aat	Asn	Asn	Synonymous	SNP	146426	146427	146428	1479	Asn
Chubo-2_H1	Common	True	5596	5597	5598	5596	5597	5598	gac	gat	Asp	Asp	Synonymous	SNP	176810	176811	176812	1866	Asp
Chubo-2_H1	Common	True	5656	5657	5658	5656	5657	5658	aga	cgc	Arg	Arg	Synonymous	MNP	176870	176871	176872	1886	Arg
Chubo-2_H1	Common	True	5860	5861	5862	5860	5861	5862	ata	att	Ile	Ile	Synonymous	SNP	177074	177075	177076	1954	Ile
Chubo-2_H1	Common	True	6019	6020	6021	6019	6020	6021	gat	gag	Asp	Glu	Nonsynonymous	SNP	177233	177234	177235	2007	Asp
Chubo-2_H1	Common	True	6088	6089	6090	6103	6104	6105	acg	gcg	Thr	Ala	Nonsynonymous	SNP	177302	177303	177304	2030	Thr
Chubo-2_H1	Common	True	6112	6113	6114	6127	6128	6129	aca	tca	Thr	Ser	Nonsynonymous	SNP	177326	177327	177328	2042	Ser
Chubo-2_H2	Common	True	373	374	375	373	374	375	ctt	ctc	Leu	Leu	Synonymous	SNP	29856	29857	29858	125	Leu
Chubo-2_H2	Common	True	1081	1082	1083	1081	1082	1083	gat	gac	Asp	Asp	Synonymous	SNP	61159	61160	61161	361	Asp
Chubo-2_H2	Common	True	1084	1085	1086	1084	1085	1086	tcg	tca	Ser	Ser	Synonymous	SNP	61162	61163	61164	362	Ser
Chubo-2_H2	Common	True	1108	1109	1110	1108	1109	1110	gcc	gcg	Ala	Ala	Synonymous	SNP	61186	61187	61188	370	Ala
Chubo-2_H2	Common	True	1315	1316	1317	1315	1316	1317	ata	atc	Ile	Ile	Synonymous	SNP	61393	61394	61395	439	Ile
Chubo-2_H2	Common	True	1513	1514	1515	1513	1514	1515	aaa	aag	Lys	Lys	Synonymous	SNP	62434	62435	62436	505	Lys
Chubo-2_H2	Common	True	1795	1796	1797	1795	1796	1797	gat	gac	Asp	Asp	Synonymous	SNP	79162	79163	79164	599	Asp
Chubo-2_H2	Common	True	2119	2120	2121	2119	2120	2121	gat	gac	Asp	Asp	Synonymous	SNP	82699	82700	82701	707	Asp
Chubo-2_H2	Common	True	2368	2369	2370	2368	2369	2370	ttg	tta	Leu	Leu	Synonymous	SNP	96461	96462	96463	790	Leu
Chubo-2_H2	Common	True	2386	2387	2388	2386	2387	2388	gtg	gtc	Val	Val	Synonymous	SNP	96479	96480	96481	796	Val
Chubo-2_H2	Common	True	2449	2450	2451	2449	2450	2451	acg	aca	Thr	Thr	Synonymous	SNP	96542	96543	96544	817	Thr
Chubo-2_H2	Common	True	2539	2540	2541	2539	2540	2541	gca	gcg	Ala	Ala	Synonymous	SNP	96696	96697	96698	847	Ala
Chubo-2_H2	Common	True	3388	3389	3390	3388	3389	3390	aag	aaa	Lys	Lys	Synonymous	SNP	114476	114477	114478	1130	Lys
Chubo-2_H2	Common	True	3697	3698	3699	3697	3698	3699	att	atc	Ile	Ile	Synonymous	SNP	117079	117080	117081	1233	Ile
Chubo-2_H2	Common	True	3703	3704	3705	3703	3704	3705	atc	att	Ile	Ile	Synonymous	SNP	117085	117086	117087	1235	Ile
Chubo-2_H2	Common	True	3709	3710	3711	3709	3710	3711	gcg	gcc	Ala	Ala	Synonymous	SNP	117091	117092	117093	1237	Ala
Chubo-2_H2	Common	True	4045	4046	4047	4045	4046	4047	gtt	gtc	Val	Val	Synonymous	SNP	118308	118309	118310	1349	Val
Chubo-2_H2	Common	True	5596	5597	5598	5596	5597	5598	gac	gat	Asp	Asp	Synonymous	SNP	176810	176811	176812	1866	Asp
Chubo-2_H2	Common	True	5641	5642	5643	5641	5642	5643	ggc	ggt	Gly	Gly	Synonymous	SNP	176855	176856	176857	1881	Gly
Chubo-2_H2	Common	True	5860	5861	5862	5860	5861	5862	ata	att	Ile	Ile	Synonymous	SNP	177074	177075	177076	1954	Ile
Chubo-2_H2	Common	True	6052	6053	6054	6052	6053	6054	agc	agt	Ser	Ser	Synonymous	SNP	177266	177267	177268	2018	Ser
Chubo-2_H2	Common	True	6112	6113	6114	6121	6122	6123	aca	tca	Thr	Ser	Nonsynonymous	SNP	177326	177327	177328	2042	Ser
Chubo-2_H2	Common	True	6130	6131	6132	6139	6140	6141	gaa	gag	Glu	Glu	Synonymous	SNP	177344	177345	177346	2048	Glu
Chubo-3_H1	Common	True	373	374	375	373	374	375	ctt	ctc	Leu	Leu	Synonymous	SNP	29856	29857	29858	125	Leu
Chubo-3_H1	Common	True	1081	1082	1083	1081	1082	1083	gat	gac	Asp	Asp	Synonymous	SNP	61159	61160	61161	361	Asp
Chubo-3_H1	Common	True	1084	1085	1086	1084	1085	1086	tcg	tca	Ser	Ser	Synonymous	SNP	61162	61163	61164	362	Ser
Chubo-3_H1	Common	True	1108	1109	1110	1108	1109	1110	gcc	gcg	Ala	Ala	Synonymous	SNP	61186	61187	61188	370	Ala
Chubo-3_H1	Common	True	1315	1316	1317	1315	1316	1317	ata	atc	Ile	Ile	Synonymous	SNP	61393	61394	61395	439	Ile
Chubo-3_H1	Common	True	1513	1514	1515	1513	1514	1515	aaa	aag	Lys	Lys	Synonymous	SNP	62434	62435	62436	505	Lys
Chubo-3_H1	Common	True	2119	2120	2121	2119	2120	2121	gat	gac	Asp	Asp	Synonymous	SNP	82699	82700	82701	707	Asp
Chubo-3_H1	Common	True	2368	2369	2370	2368	2369	2370	ttg	tta	Leu	Leu	Synonymous	SNP	96461	96462	96463	790	Leu
Chubo-3_H1	Common	True	2386	2387	2388	2386	2387	2388	gtg	gtc	Val	Val	Synonymous	SNP	96479	96480	96481	796	Val
Chubo-3_H1	Common	True	2449	2450	2451	2449	2450	2451	acg	aca	Thr	Thr	Synonymous	SNP	96542	96543	96544	817	Thr
Chubo-3_H1	mRNAd	True	2752	2753	2754	2752	2753	2754	atg	acg	Met	Thr	Nonsynonymous	SNP	98021	98022	98023	918	Met
Chubo-3_H1	Common	True	3040	3041	3042	3040	3041	3042	ctt	ttt	Leu	Phe	Nonsynonymous	SNP	104039	104040	104041	1014	Leu
Chubo-3_H1	Common	True	3388	3389	3390	3388	3389	3390	aag	aaa	Lys	Lys	Synonymous	SNP	114476	114477	114478	1130	Lys
Chubo-3_H1	Common	True	3697	3698	3699	3697	3698	3699	att	atc	Ile	Ile	Synonymous	SNP	117079	117080	117081	1233	Ile
Chubo-3_H1	Common	True	3703	3704	3705	3703	3704	3705	atc	att	Ile	Ile	Synonymous	SNP	117085	117086	117087	1235	Ile
Chubo-3_H1	Common	True	3709	3710	3711	3709	3710	3711	gcg	gcc	Ala	Ala	Synonymous	SNP	117091	117092	117093	1237	Ala
Chubo-3_H1	Common	True	4045	4046	4047	4045	4046	4047	gtt	gtc	Val	Val	Synonymous	SNP	118308	118309	118310	1349	Val
Chubo-3_H1	Common	True	5596	5597	5598	5596	5597	5598	gac	gat	Asp	Asp	Synonymous	SNP	176810	176811	176812	1866	Asp
Chubo-3_H1	Common	True	5641	5642	5643	5641	5642	5643	ggc	ggt	Gly	Gly	Synonymous	SNP	176855	176856	176857	1881	Gly
Chubo-3_H1	Common	True	5860	5861	5862	5860	5861	5862	ata	att	Ile	Ile	Synonymous	SNP	177074	177075	177076	1954	Ile
Chubo-3_H1	Common	True	6088	6089	6090	6103	6104	6105	acg	gcg	Thr	Ala	Nonsynonymous	SNP	177302	177303	177304	2030	Thr
Chubo-3_H1	Common	True	6112	6113	6114	6127	6128	6129	aca	tca	Thr	Ser	Nonsynonymous	SNP	177326	177327	177328	2042	Ser
Chubo-3_H2	Common	True	373	374	375	373	374	375	ctt	ctc	Leu	Leu	Synonymous	SNP	29856	29857	29858	125	Leu
Chubo-3_H2	Common	True	1081	1082	1083	1081	1082	1083	gat	gac	Asp	Asp	Synonymous	SNP	61159	61160	61161	361	Asp
Chubo-3_H2	Common	True	1084	1085	1086	1084	1085	1086	tcg	tca	Ser	Ser	Synonymous	SNP	61162	61163	61164	362	Ser
Chubo-3_H2	Common	True	1108	1109	1110	1108	1109	1110	gcc	gcg	Ala	Ala	Synonymous	SNP	61186	61187	61188	370	Ala
Chubo-3_H2	Common	True	1315	1316	1317	1315	1316	1317	ata	atc	Ile	Ile	Synonymous	SNP	61393	61394	61395	439	Ile
Chubo-3_H2	Common	True	1513	1514	1515	1513	1514	1515	aaa	aag	Lys	Lys	Synonymous	SNP	62434	62435	62436	505	Lys
Chubo-3_H2	Common	True	2119	2120	2121	2119	2120	2121	gat	gac	Asp	Asp	Synonymous	SNP	82699	82700	82701	707	Asp
Chubo-3_H2	Common	True	2368	2369	2370	2368	2369	2370	ttg	tta	Leu	Leu	Synonymous	SNP	96461	96462	96463	790	Leu
Chubo-3_H2	Common	True	2386	2387	2388	2386	2387	2388	gtg	gtc	Val	Val	Synonymous	SNP	96479	96480	96481	796	Val
Chubo-3_H2	Common	True	2449	2450	2451	2449	2450	2451	acg	aca	Thr	Thr	Synonymous	SNP	96542	96543	96544	817	Thr
Chubo-3_H2	mRNAd	True	2752	2753	2754	2752	2753	2754	atg	acg	Met	Thr	Nonsynonymous	SNP	98021	98022	98023	918	Met
Chubo-3_H2	Common	True	3040	3041	3042	3040	3041	3042	ctt	ttt	Leu	Phe	Nonsynonymous	SNP	104039	104040	104041	1014	Leu
Chubo-3_H2	Common	True	3388	3389	3390	3388	3389	3390	aag	aaa	Lys	Lys	Synonymous	SNP	114476	114477	114478	1130	Lys
Chubo-3_H2	Common	True	3697	3698	3699	3697	3698	3699	att	atc	Ile	Ile	Synonymous	SNP	117079	117080	117081	1233	Ile
Chubo-3_H2	Common	True	3703	3704	3705	3703	3704	3705	atc	att	Ile	Ile	Synonymous	SNP	117085	117086	117087	1235	Ile
Chubo-3_H2	Common	True	3709	3710	3711	3709	3710	3711	gcg	gcc	Ala	Ala	Synonymous	SNP	117091	117092	117093	1237	Ala
Chubo-3_H2	Common	True	4045	4046	4047	4045	4046	4047	gtt	gtc	Val	Val	Synonymous	SNP	118308	118309	118310	1349	Val
Chubo-3_H2	Common	True	5596	5597	5598	5596	5597	5598	gac	gat	Asp	Asp	Synonymous	SNP	176810	176811	176812	1866	Asp
Chubo-3_H2	Common	True	5641	5642	5643	5641	5642	5643	ggc	ggt	Gly	Gly	Synonymous	SNP	176855	176856	176857	1881	Gly
Chubo-3_H2	Common	True	5860	5861	5862	5860	5861	5862	ata	att	Ile	Ile	Synonymous	SNP	177074	177075	177076	1954	Ile
Chubo-3_H2	Common	True	6088	6089	6090	6103	6104	6105	acg	gcg	Thr	Ala	Nonsynonymous	SNP	177302	177303	177304	2030	Thr
Chubo-3_H2	Common	True	6112	6113	6114	6127	6128	6129	aca	tca	Thr	Ser	Nonsynonymous	SNP	177326	177327	177328	2042	Ser
Chubo-4_H1	Common	True	373	374	375	373	374	375	ctt	ctc	Leu	Leu	Synonymous	SNP	29856	29857	29858	125	Leu
Chubo-4_H1	Common	True	1081	1082	1083	1081	1082	1083	gat	gac	Asp	Asp	Synonymous	SNP	61159	61160	61161	361	Asp
Chubo-4_H1	Common	True	1084	1085	1086	1084	1085	1086	tcg	tca	Ser	Ser	Synonymous	SNP	61162	61163	61164	362	Ser
Chubo-4_H1	Common	True	1108	1109	1110	1108	1109	1110	gcc	gcg	Ala	Ala	Synonymous	SNP	61186	61187	61188	370	Ala
Chubo-4_H1	Common	True	1315	1316	1317	1315	1316	1317	ata	atc	Ile	Ile	Synonymous	SNP	61393	61394	61395	439	Ile
Chubo-4_H1	Common	True	1513	1514	1515	1513	1514	1515	aaa	aag	Lys	Lys	Synonymous	SNP	62434	62435	62436	505	Lys
Chubo-4_H1	Common	True	2119	2120	2121	2119	2120	2121	gat	gac	Asp	Asp	Synonymous	SNP	82699	82700	82701	707	Asp
Chubo-4_H1	Common	True	2368	2369	2370	2368	2369	2370	ttg	tta	Leu	Leu	Synonymous	SNP	96461	96462	96463	790	Leu
Chubo-4_H1	Common	True	2386	2387	2388	2386	2387	2388	gtg	gtc	Val	Val	Synonymous	SNP	96479	96480	96481	796	Val
Chubo-4_H1	Common	True	2449	2450	2451	2449	2450	2451	acg	aca	Thr	Thr	Synonymous	SNP	96542	96543	96544	817	Thr
Chubo-4_H1	mRNAd	True	2752	2753	2754	2752	2753	2754	atg	acg	Met	Thr	Nonsynonymous	SNP	98021	98022	98023	918	Met
Chubo-4_H1	Common	True	3040	3041	3042	3040	3041	3042	ctt	ttt	Leu	Phe	Nonsynonymous	SNP	104039	104040	104041	1014	Leu
Chubo-4_H1	Common	True	3388	3389	3390	3388	3389	3390	aag	aaa	Lys	Lys	Synonymous	SNP	114476	114477	114478	1130	Lys
Chubo-4_H1	Common	True	3697	3698	3699	3697	3698	3699	att	atc	Ile	Ile	Synonymous	SNP	117079	117080	117081	1233	Ile
Chubo-4_H1	Common	True	3703	3704	3705	3703	3704	3705	atc	att	Ile	Ile	Synonymous	SNP	117085	117086	117087	1235	Ile
Chubo-4_H1	Common	True	3709	3710	3711	3709	3710	3711	gcg	gcc	Ala	Ala	Synonymous	SNP	117091	117092	117093	1237	Ala
Chubo-4_H1	Common	True	4045	4046	4047	4045	4046	4047	gtt	gtc	Val	Val	Synonymous	SNP	118308	118309	118310	1349	Val
Chubo-4_H1	Common	True	5596	5597	5598	5596	5597	5598	gac	gat	Asp	Asp	Synonymous	SNP	176810	176811	176812	1866	Asp
Chubo-4_H1	Common	True	5641	5642	5643	5641	5642	5643	ggc	ggt	Gly	Gly	Synonymous	SNP	176855	176856	176857	1881	Gly
Chubo-4_H1	Common	True	5860	5861	5862	5860	5861	5862	ata	att	Ile	Ile	Synonymous	SNP	177074	177075	177076	1954	Ile
Chubo-4_H1	Common	True	6088	6089	6090	6103	6104	6105	acg	gcg	Thr	Ala	Nonsynonymous	SNP	177302	177303	177304	2030	Thr
Chubo-4_H1	Common	True	6112	6113	6114	6127	6128	6129	aca	tca	Thr	Ser	Nonsynonymous	SNP	177326	177327	177328	2042	Ser
Chubo-4_H2	Common	True	373	374	375	373	374	375	ctt	ctc	Leu	Leu	Synonymous	SNP	29856	29857	29858	125	Leu
Chubo-4_H2	Common	True	1081	1082	1083	1081	1082	1083	gat	gac	Asp	Asp	Synonymous	SNP	61159	61160	61161	361	Asp
Chubo-4_H2	Common	True	1084	1085	1086	1084	1085	1086	tcg	tca	Ser	Ser	Synonymous	SNP	61162	61163	61164	362	Ser
Chubo-4_H2	Common	True	1108	1109	1110	1108	1109	1110	gcc	gcg	Ala	Ala	Synonymous	SNP	61186	61187	61188	370	Ala
Chubo-4_H2	Common	True	1315	1316	1317	1315	1316	1317	ata	atc	Ile	Ile	Synonymous	SNP	61393	61394	61395	439	Ile
Chubo-4_H2	Common	True	1513	1514	1515	1513	1514	1515	aaa	aag	Lys	Lys	Synonymous	SNP	62434	62435	62436	505	Lys
Chubo-4_H2	Common	True	2119	2120	2121	2119	2120	2121	gat	gac	Asp	Asp	Synonymous	SNP	82699	82700	82701	707	Asp
Chubo-4_H2	Common	True	2368	2369	2370	2368	2369	2370	ttg	tta	Leu	Leu	Synonymous	SNP	96461	96462	96463	790	Leu
Chubo-4_H2	Common	True	2386	2387	2388	2386	2387	2388	gtg	gtc	Val	Val	Synonymous	SNP	96479	96480	96481	796	Val
Chubo-4_H2	Common	True	2449	2450	2451	2449	2450	2451	acg	aca	Thr	Thr	Synonymous	SNP	96542	96543	96544	817	Thr
Chubo-4_H2	mRNAd	True	2752	2753	2754	2752	2753	2754	atg	acg	Met	Thr	Nonsynonymous	SNP	98021	98022	98023	918	Met
Chubo-4_H2	Common	True	3040	3041	3042	3040	3041	3042	ctt	ttt	Leu	Phe	Nonsynonymous	SNP	104039	104040	104041	1014	Leu
Chubo-4_H2	Common	True	3388	3389	3390	3388	3389	3390	aag	aaa	Lys	Lys	Synonymous	SNP	114476	114477	114478	1130	Lys
Chubo-4_H2	Common	True	3697	3698	3699	3697	3698	3699	att	atc	Ile	Ile	Synonymous	SNP	117079	117080	117081	1233	Ile
Chubo-4_H2	Common	True	3703	3704	3705	3703	3704	3705	atc	att	Ile	Ile	Synonymous	SNP	117085	117086	117087	1235	Ile
Chubo-4_H2	Common	True	3709	3710	3711	3709	3710	3711	gcg	gcc	Ala	Ala	Synonymous	SNP	117091	117092	117093	1237	Ala
Chubo-4_H2	Common	True	4045	4046	4047	4045	4046	4047	gtt	gtc	Val	Val	Synonymous	SNP	118308	118309	118310	1349	Val
Chubo-4_H2	Common	True	4417	4418	4419	4417	4418	4419	tgg	tgt	Trp	Cys	Nonsynonymous	SNP	146408	146409	146410	1473	Trp
Chubo-4_H2	Common	True	5596	5597	5598	5596	5597	5598	gac	gat	Asp	Asp	Synonymous	SNP	176810	176811	176812	1866	Asp
Chubo-4_H2	Common	True	5641	5642	5643	5641	5642	5643	ggc	ggt	Gly	Gly	Synonymous	SNP	176855	176856	176857	1881	Gly
Chubo-4_H2	Common	True	5860	5861	5862	5860	5861	5862	ata	att	Ile	Ile	Synonymous	SNP	177074	177075	177076	1954	Ile
Chubo-4_H2	Common	True	6088	6089	6090	6103	6104	6105	acg	gcg	Thr	Ala	Nonsynonymous	SNP	177302	177303	177304	2030	Thr
Chubo-4_H2	Common	True	6112	6113	6114	6127	6128	6129	aca	tca	Thr	Ser	Nonsynonymous	SNP	177326	177327	177328	2042	Ser
SRS-1_H1	Common	True	373	374	375	373	374	375	ctt	ctc	Leu	Leu	Synonymous	SNP	29856	29857	29858	125	Leu
SRS-1_H1	Common	True	1084	1085	1086	1084	1085	1086	tcg	tca	Ser	Ser	Synonymous	SNP	61162	61163	61164	362	Ser
SRS-1_H1	Common	True	1108	1109	1110	1108	1109	1110	gcc	gcg	Ala	Ala	Synonymous	SNP	61186	61187	61188	370	Ala
SRS-1_H1	Common	True	1315	1316	1317	1315	1316	1317	ata	atc	Ile	Ile	Synonymous	SNP	61393	61394	61395	439	Ile
SRS-1_H1	Common	True	1525	1526	1527	1525	1526	1527	tcg	tcc	Ser	Ser	Synonymous	SNP	62446	62447	62448	509	Ser
SRS-1_H1	Common	True	2314	2315	2316	2314	2315	2316	tat	tac	Tyr	Tyr	Synonymous	SNP	96407	96408	96409	772	Tyr
SRS-1_H1	Common	True	2515	2516	2517	2515	2516	2517	aac	aat	Asn	Asn	Synonymous	SNP	96608	96609	96610	839	Asn
SRS-1_H1	Common	True	2539	2540	2541	2539	2540	2541	gca	gcc	Ala	Ala	Synonymous	SNP	96696	96697	96698	847	Ala
SRS-1_H1	mRNAc	True	2848	2849	2850	2848	2849	2850	aac	aat	Asn	Asn	Synonymous	SNP	97216	97217	97218	950	Asn
SRS-1_H1	Common	True	2977	2978	2979	2977	2978	2979	tgc	tgt	Cys	Cys	Synonymous	SNP	103976	103977	103978	993	Cys
SRS-1_H1	Common	True	3388	3389	3390	3388	3389	3390	aag	aaa	Lys	Lys	Synonymous	SNP	114476	114477	114478	1130	Lys
SRS-1_H1	Common	True	3697	3698	3699	3697	3698	3699	att	atc	Ile	Ile	Synonymous	SNP	117079	117080	117081	1233	Ile
SRS-1_H1	Common	True	3703	3704	3705	3703	3704	3705	atc	att	Ile	Ile	Synonymous	SNP	117085	117086	117087	1235	Ile
SRS-1_H1	Common	True	3709	3710	3711	3709	3710	3711	gcg	gcc	Ala	Ala	Synonymous	SNP	117091	117092	117093	1237	Ala
SRS-1_H1	Common	True	4045	4046	4047	4045	4046	4047	gtt	gtc	Val	Val	Synonymous	SNP	118308	118309	118310	1349	Val
SRS-1_H1	Common	True	5599	5600	5601	5599	5600	5601	tac	tat	Tyr	Tyr	Synonymous	SNP	176813	176814	176815	1867	Tyr
SRS-1_H1	Common	True	5641	5642	5643	5641	5642	5643	ggc	ggt	Gly	Gly	Synonymous	SNP	176855	176856	176857	1881	Gly
SRS-1_H1	Common	True	5860	5861	5862	5860	5861	5862	ata	att	Ile	Ile	Synonymous	SNP	177074	177075	177076	1954	Ile
SRS-1_H1	Common	True	6067	6068	6069	6067	6068	6069	ggt	gat	Gly	Asp	Nonsynonymous	SNP	177281	177282	177283	2023	Gly
SRS-1_H1	Common	True	6148	6149	6150	6148	6149	6150	gtc	gcc	Val	Ala	Nonsynonymous	SNP	177362	177363	177364	2054	Val
SRS-1_H2	Common	True	373	374	375	373	374	375	ctt	ctc	Leu	Leu	Synonymous	SNP	29856	29857	29858	125	Leu
SRS-1_H2	Common	True	1084	1085	1086	1084	1085	1086	tcg	tca	Ser	Ser	Synonymous	SNP	61162	61163	61164	362	Ser
SRS-1_H2	Common	True	1108	1109	1110	1108	1109	1110	gcc	gcg	Ala	Ala	Synonymous	SNP	61186	61187	61188	370	Ala
SRS-1_H2	Common	True	1315	1316	1317	1315	1316	1317	ata	atc	Ile	Ile	Synonymous	SNP	61393	61394	61395	439	Ile
SRS-1_H2	Common	True	1525	1526	1527	1525	1526	1527	tcg	tcc	Ser	Ser	Synonymous	SNP	62446	62447	62448	509	Ser
SRS-1_H2	Common	True	2314	2315	2316	2314	2315	2316	tat	tac	Tyr	Tyr	Synonymous	SNP	96407	96408	96409	772	Tyr
SRS-1_H2	Common	True	2515	2516	2517	2515	2516	2517	aac	aat	Asn	Asn	Synonymous	SNP	96608	96609	96610	839	Asn
SRS-1_H2	Common	True	2539	2540	2541	2539	2540	2541	gca	gcc	Ala	Ala	Synonymous	SNP	96696	96697	96698	847	Ala
SRS-1_H2	mRNAc	True	2848	2849	2850	2848	2849	2850	aac	aat	Asn	Asn	Synonymous	SNP	97216	97217	97218	950	Asn
SRS-1_H2	Common	True	2977	2978	2979	2977	2978	2979	tgc	tgt	Cys	Cys	Synonymous	SNP	103976	103977	103978	993	Cys
SRS-1_H2	Common	True	3388	3389	3390	3388	3389	3390	aag	aaa	Lys	Lys	Synonymous	SNP	114476	114477	114478	1130	Lys
SRS-1_H2	Common	True	3697	3698	3699	3697	3698	3699	att	atc	Ile	Ile	Synonymous	SNP	117079	117080	117081	1233	Ile
SRS-1_H2	Common	True	3703	3704	3705	3703	3704	3705	atc	att	Ile	Ile	Synonymous	SNP	117085	117086	117087	1235	Ile
SRS-1_H2	Common	True	3709	3710	3711	3709	3710	3711	gcg	gcc	Ala	Ala	Synonymous	SNP	117091	117092	117093	1237	Ala
SRS-1_H2	Common	True	4045	4046	4047	4045	4046	4047	gtt	gtc	Val	Val	Synonymous	SNP	118308	118309	118310	1349	Val
SRS-1_H2	Common	True	5599	5600	5601	5599	5600	5601	tac	tat	Tyr	Tyr	Synonymous	SNP	176813	176814	176815	1867	Tyr
SRS-1_H2	Common	True	5641	5642	5643	5641	5642	5643	ggc	ggt	Gly	Gly	Synonymous	SNP	176855	176856	176857	1881	Gly
SRS-1_H2	Common	True	5860	5861	5862	5860	5861	5862	ata	att	Ile	Ile	Synonymous	SNP	177074	177075	177076	1954	Ile
SRS-1_H2	Common	True	6067	6068	6069	6067	6068	6069	ggt	gat	Gly	Asp	Nonsynonymous	SNP	177281	177282	177283	2023	Gly
SRS-1_H2	Common	True	6148	6149	6150	6148	6149	6150	gtc	gcc	Val	Ala	Nonsynonymous	SNP	177362	177363	177364	2054	Val
SRS-2_H1	Common	True	373	374	375	373	374	375	ctt	ctc	Leu	Leu	Synonymous	SNP	29856	29857	29858	125	Leu
SRS-2_H1	Common	True	1084	1085	1086	1084	1085	1086	tcg	tca	Ser	Ser	Synonymous	SNP	61162	61163	61164	362	Ser
SRS-2_H1	Common	True	1108	1109	1110	1108	1109	1110	gcc	gcg	Ala	Ala	Synonymous	SNP	61186	61187	61188	370	Ala
SRS-2_H1	Common	True	1315	1316	1317	1315	1316	1317	ata	atc	Ile	Ile	Synonymous	SNP	61393	61394	61395	439	Ile
SRS-2_H1	Common	True	1525	1526	1527	1525	1526	1527	tcg	tcc	Ser	Ser	Synonymous	SNP	62446	62447	62448	509	Ser
SRS-2_H1	Common	True	2314	2315	2316	2314	2315	2316	tat	tac	Tyr	Tyr	Synonymous	SNP	96407	96408	96409	772	Tyr
SRS-2_H1	Common	True	2515	2516	2517	2515	2516	2517	aac	aat	Asn	Asn	Synonymous	SNP	96608	96609	96610	839	Asn
SRS-2_H1	Common	True	2539	2540	2541	2539	2540	2541	gca	gcc	Ala	Ala	Synonymous	SNP	96696	96697	96698	847	Ala
SRS-2_H1	mRNAc	True	2848	2849	2850	2848	2849	2850	aac	aat	Asn	Asn	Synonymous	SNP	97216	97217	97218	950	Asn
SRS-2_H1	Common	True	2977	2978	2979	2977	2978	2979	tgc	tgt	Cys	Cys	Synonymous	SNP	103976	103977	103978	993	Cys
SRS-2_H1	Common	True	3388	3389	3390	3388	3389	3390	aag	aaa	Lys	Lys	Synonymous	SNP	114476	114477	114478	1130	Lys
SRS-2_H1	Common	True	3697	3698	3699	3697	3698	3699	att	atc	Ile	Ile	Synonymous	SNP	117079	117080	117081	1233	Ile
SRS-2_H1	Common	True	3703	3704	3705	3703	3704	3705	atc	att	Ile	Ile	Synonymous	SNP	117085	117086	117087	1235	Ile
SRS-2_H1	Common	True	3709	3710	3711	3709	3710	3711	gcg	gcc	Ala	Ala	Synonymous	SNP	117091	117092	117093	1237	Ala
SRS-2_H1	Common	True	4045	4046	4047	4045	4046	4047	gtt	gtc	Val	Val	Synonymous	SNP	118308	118309	118310	1349	Val
SRS-2_H1	Common	True	5599	5600	5601	5599	5600	5601	tac	tat	Tyr	Tyr	Synonymous	SNP	176813	176814	176815	1867	Tyr
SRS-2_H1	Common	True	5641	5642	5643	5641	5642	5643	ggc	ggt	Gly	Gly	Synonymous	SNP	176855	176856	176857	1881	Gly
SRS-2_H1	Common	True	5860	5861	5862	5860	5861	5862	ata	att	Ile	Ile	Synonymous	SNP	177074	177075	177076	1954	Ile
SRS-2_H1	Common	True	6067	6068	6069	6067	6068	6069	ggt	gat	Gly	Asp	Nonsynonymous	SNP	177281	177282	177283	2023	Gly
SRS-2_H1	Common	True	6148	6149	6150	6148	6149	6150	gtc	gcc	Val	Ala	Nonsynonymous	SNP	177362	177363	177364	2054	Val
SRS-2_H2	Common	True	373	374	375	373	374	375	ctt	ctc	Leu	Leu	Synonymous	SNP	29856	29857	29858	125	Leu
SRS-2_H2	Common	True	1084	1085	1086	1084	1085	1086	tcg	tca	Ser	Ser	Synonymous	SNP	61162	61163	61164	362	Ser
SRS-2_H2	Common	True	1108	1109	1110	1108	1109	1110	gcc	gcg	Ala	Ala	Synonymous	SNP	61186	61187	61188	370	Ala
SRS-2_H2	Common	True	1315	1316	1317	1315	1316	1317	ata	atc	Ile	Ile	Synonymous	SNP	61393	61394	61395	439	Ile
SRS-2_H2	Common	True	1525	1526	1527	1525	1526	1527	tcg	tcc	Ser	Ser	Synonymous	SNP	62446	62447	62448	509	Ser
SRS-2_H2	Common	True	2314	2315	2316	2314	2315	2316	tat	tac	Tyr	Tyr	Synonymous	SNP	96407	96408	96409	772	Tyr
SRS-2_H2	Common	True	2515	2516	2517	2515	2516	2517	aac	aat	Asn	Asn	Synonymous	SNP	96608	96609	96610	839	Asn
SRS-2_H2	Common	True	2539	2540	2541	2539	2540	2541	gca	gcc	Ala	Ala	Synonymous	SNP	96696	96697	96698	847	Ala
SRS-2_H2	mRNAc	True	2848	2849	2850	2848	2849	2850	aac	aat	Asn	Asn	Synonymous	SNP	97216	97217	97218	950	Asn
SRS-2_H2	Common	True	2977	2978	2979	2977	2978	2979	tgc	tgt	Cys	Cys	Synonymous	SNP	103976	103977	103978	993	Cys
SRS-2_H2	Common	True	3388	3389	3390	3388	3389	3390	aag	aaa	Lys	Lys	Synonymous	SNP	114476	114477	114478	1130	Lys
SRS-2_H2	Common	True	3697	3698	3699	3697	3698	3699	att	atc	Ile	Ile	Synonymous	SNP	117079	117080	117081	1233	Ile
SRS-2_H2	Common	True	3703	3704	3705	3703	3704	3705	atc	att	Ile	Ile	Synonymous	SNP	117085	117086	117087	1235	Ile
SRS-2_H2	Common	True	3709	3710	3711	3709	3710	3711	gcg	gcc	Ala	Ala	Synonymous	SNP	117091	117092	117093	1237	Ala
SRS-2_H2	Common	True	4045	4046	4047	4045	4046	4047	gtt	gtc	Val	Val	Synonymous	SNP	118308	118309	118310	1349	Val
SRS-2_H2	Common	True	5599	5600	5601	5599	5600	5601	tac	tat	Tyr	Tyr	Synonymous	SNP	176813	176814	176815	1867	Tyr
SRS-2_H2	Common	True	5641	5642	5643	5641	5642	5643	ggc	ggt	Gly	Gly	Synonymous	SNP	176855	176856	176857	1881	Gly
SRS-2_H2	Common	True	5860	5861	5862	5860	5861	5862	ata	att	Ile	Ile	Synonymous	SNP	177074	177075	177076	1954	Ile
SRS-2_H2	Common	True	6067	6068	6069	6067	6068	6069	ggt	gat	Gly	Asp	Nonsynonymous	SNP	177281	177282	177283	2023	Gly
SRS-2_H2	Common	True	6148	6149	6150	6148	6149	6150	gtc	gcc	Val	Ala	Nonsynonymous	SNP	177362	177363	177364	2054	Val
SRS-3_H1	Common	True	373	374	375	373	374	375	ctt	ctc	Leu	Leu	Synonymous	SNP	29856	29857	29858	125	Leu
SRS-3_H1	Common	True	1084	1085	1086	1084	1085	1086	tcg	tca	Ser	Ser	Synonymous	SNP	61162	61163	61164	362	Ser
SRS-3_H1	Common	True	1108	1109	1110	1108	1109	1110	gcc	gcg	Ala	Ala	Synonymous	SNP	61186	61187	61188	370	Ala
SRS-3_H1	Common	True	1315	1316	1317	1315	1316	1317	ata	atc	Ile	Ile	Synonymous	SNP	61393	61394	61395	439	Ile
SRS-3_H1	Common	True	1525	1526	1527	1525	1526	1527	tcg	tcc	Ser	Ser	Synonymous	SNP	62446	62447	62448	509	Ser
SRS-3_H1	Common	True	2314	2315	2316	2314	2315	2316	tat	tac	Tyr	Tyr	Synonymous	SNP	96407	96408	96409	772	Tyr
SRS-3_H1	Common	True	2317	2318	2319	2317	2318	2319	atc	att	Ile	Ile	Synonymous	SNP	96410	96411	96412	773	Ile
SRS-3_H1	Common	True	2431	2432	2433	2431	2432	2433	ctg	ttg	Leu	Leu	Synonymous	SNP	96524	96525	96526	811	Leu
SRS-3_H1	Common	True	2977	2978	2979	2977	2978	2979	tgc	tgt	Cys	Cys	Synonymous	SNP	103976	103977	103978	993	Cys
SRS-3_H1	Common	True	3388	3389	3390	3388	3389	3390	aag	aaa	Lys	Lys	Synonymous	SNP	114476	114477	114478	1130	Lys
SRS-3_H1	Common	True	3754	3755	3756	3754	3755	3756	ttc	ttt	Phe	Phe	Synonymous	SNP	117136	117137	117138	1252	Phe
SRS-3_H1	Common	True	5800	5801	5802	5800	5801	5802	acc	acg	Thr	Thr	Synonymous	SNP	177014	177015	177016	1934	Thr
SRS-3_H1	Common	True	5860	5861	5862	5860	5861	5862	ata	att	Ile	Ile	Synonymous	SNP	177074	177075	177076	1954	Ile
SRS-3_H1	Common	True	6148	6149	6150	6148	6149	6150	gtc	gcc	Val	Ala	Nonsynonymous	SNP	177362	177363	177364	2054	Val
SRS-3_H2	Common	True	1081	1082	1083	1081	1082	1083	gat	gac	Asp	Asp	Synonymous	SNP	61159	61160	61161	361	Asp
SRS-3_H2	Common	True	1084	1085	1086	1084	1085	1086	tcg	tca	Ser	Ser	Synonymous	SNP	61162	61163	61164	362	Ser
SRS-3_H2	Common	True	1108	1109	1110	1108	1109	1110	gcc	gcg	Ala	Ala	Synonymous	SNP	61186	61187	61188	370	Ala
SRS-3_H2	Common	True	1315	1316	1317	1315	1316	1317	ata	atc	Ile	Ile	Synonymous	SNP	61393	61394	61395	439	Ile
SRS-3_H2	Common	True	1525	1526	1527	1525	1526	1527	tcg	tcc	Ser	Ser	Synonymous	SNP	62446	62447	62448	509	Ser
SRS-3_H2	Common	True	2119	2120	2121	2119	2120	2121	gat	gac	Asp	Asp	Synonymous	SNP	82699	82700	82701	707	Asp
SRS-3_H2	Common	True	2449	2450	2451	2449	2450	2451	acg	aca	Thr	Thr	Synonymous	SNP	96542	96543	96544	817	Thr
SRS-3_H2	Common	True	2515	2516	2517	2515	2516	2517	aac	aat	Asn	Asn	Synonymous	SNP	96608	96609	96610	839	Asn
SRS-3_H2	Common	True	2539	2540	2541	2539	2540	2541	gca	gcc	Ala	Ala	Synonymous	SNP	96696	96697	96698	847	Ala
SRS-3_H2	Common	True	2617	2618	2619	2617	2618	2619	att	atc	Ile	Ile	Synonymous	SNP	96774	96775	96776	873	Ile
SRS-3_H2	mRNAc	True	2848	2849	2850	2848	2849	2850	aac	aat	Asn	Asn	Synonymous	SNP	97216	97217	97218	950	Asn
SRS-3_H2	Common	True	2977	2978	2979	2977	2978	2979	tgc	tgt	Cys	Cys	Synonymous	SNP	103976	103977	103978	993	Cys
SRS-3_H2	Common	True	3388	3389	3390	3388	3389	3390	aag	aaa	Lys	Lys	Synonymous	SNP	114476	114477	114478	1130	Lys
SRS-3_H2	Common	True	3697	3698	3699	3697	3698	3699	att	atc	Ile	Ile	Synonymous	SNP	117079	117080	117081	1233	Ile
SRS-3_H2	Common	True	3703	3704	3705	3703	3704	3705	atc	att	Ile	Ile	Synonymous	SNP	117085	117086	117087	1235	Ile
SRS-3_H2	Common	True	3709	3710	3711	3709	3710	3711	gcg	gcc	Ala	Ala	Synonymous	SNP	117091	117092	117093	1237	Ala
SRS-3_H2	Common	True	4045	4046	4047	4045	4046	4047	gtt	gtc	Val	Val	Synonymous	SNP	118308	118309	118310	1349	Val
SRS-3_H2	Common	True	5596	5597	5598	5596	5597	5598	gac	gat	Asp	Asp	Synonymous	SNP	176810	176811	176812	1866	Asp
SRS-3_H2	Common	True	5599	5600	5601	5599	5600	5601	tac	tat	Tyr	Tyr	Synonymous	SNP	176813	176814	176815	1867	Tyr
SRS-3_H2	Common	True	5641	5642	5643	5641	5642	5643	ggc	ggt	Gly	Gly	Synonymous	SNP	176855	176856	176857	1881	Gly
SRS-3_H2	Common	True	5860	5861	5862	5860	5861	5862	ata	att	Ile	Ile	Synonymous	SNP	177074	177075	177076	1954	Ile
SRS-3_H2	Common	True	6067	6068	6069	6067	6068	6069	ggt	gat	Gly	Asp	Nonsynonymous	SNP	177281	177282	177283	2023	Gly
SRS-3_H2	Common	True	6088	6089	6090	6103	6104	6105	acg	gcg	Thr	Ala	Nonsynonymous	SNP	177302	177303	177304	2030	Thr
SRS-3_H2	Common	True	6112	6113	6114	6127	6128	6129	aca	tca	Thr	Ser	Nonsynonymous	SNP	177326	177327	177328	2042	Ser
SRS-4_H1	Common	True	373	374	375	373	374	375	ctt	ctc	Leu	Leu	Synonymous	SNP	29856	29857	29858	125	Leu
SRS-4_H1	Common	True	1084	1085	1086	1084	1085	1086	tcg	tca	Ser	Ser	Synonymous	SNP	61162	61163	61164	362	Ser
SRS-4_H1	Common	True	1108	1109	1110	1108	1109	1110	gcc	gcg	Ala	Ala	Synonymous	SNP	61186	61187	61188	370	Ala
SRS-4_H1	Common	True	1315	1316	1317	1315	1316	1317	ata	atc	Ile	Ile	Synonymous	SNP	61393	61394	61395	439	Ile
SRS-4_H1	Common	True	1525	1526	1527	1525	1526	1527	tcg	tcc	Ser	Ser	Synonymous	SNP	62446	62447	62448	509	Ser
SRS-4_H1	Common	True	2314	2315	2316	2314	2315	2316	tat	tac	Tyr	Tyr	Synonymous	SNP	96407	96408	96409	772	Tyr
SRS-4_H1	Common	True	2317	2318	2319	2317	2318	2319	atc	att	Ile	Ile	Synonymous	SNP	96410	96411	96412	773	Ile
SRS-4_H1	Common	True	2431	2432	2433	2431	2432	2433	ctg	ttg	Leu	Leu	Synonymous	SNP	96524	96525	96526	811	Leu
SRS-4_H1	Common	True	2977	2978	2979	2977	2978	2979	tgc	tgt	Cys	Cys	Synonymous	SNP	103976	103977	103978	993	Cys
SRS-4_H1	Common	True	3388	3389	3390	3388	3389	3390	aag	aaa	Lys	Lys	Synonymous	SNP	114476	114477	114478	1130	Lys
SRS-4_H1	Common	True	3754	3755	3756	3754	3755	3756	ttc	ttt	Phe	Phe	Synonymous	SNP	117136	117137	117138	1252	Phe
SRS-4_H1	Common	True	5800	5801	5802	5800	5801	5802	acc	acg	Thr	Thr	Synonymous	SNP	177014	177015	177016	1934	Thr
SRS-4_H1	Common	True	5860	5861	5862	5860	5861	5862	ata	att	Ile	Ile	Synonymous	SNP	177074	177075	177076	1954	Ile
SRS-4_H1	Common	True	6148	6149	6150	6148	6149	6150	gtc	gcc	Val	Ala	Nonsynonymous	SNP	177362	177363	177364	2054	Val
SRS-4_H2	Common	True	1081	1082	1083	1081	1082	1083	gat	gac	Asp	Asp	Synonymous	SNP	61159	61160	61161	361	Asp
SRS-4_H2	Common	True	1084	1085	1086	1084	1085	1086	tcg	tca	Ser	Ser	Synonymous	SNP	61162	61163	61164	362	Ser
SRS-4_H2	Common	True	1108	1109	1110	1108	1109	1110	gcc	gcg	Ala	Ala	Synonymous	SNP	61186	61187	61188	370	Ala
SRS-4_H2	Common	True	1315	1316	1317	1315	1316	1317	ata	atc	Ile	Ile	Synonymous	SNP	61393	61394	61395	439	Ile
SRS-4_H2	Common	True	1525	1526	1527	1525	1526	1527	tcg	tcc	Ser	Ser	Synonymous	SNP	62446	62447	62448	509	Ser
SRS-4_H2	Common	True	2119	2120	2121	2119	2120	2121	gat	gac	Asp	Asp	Synonymous	SNP	82699	82700	82701	707	Asp
SRS-4_H2	Common	True	2449	2450	2451	2449	2450	2451	acg	aca	Thr	Thr	Synonymous	SNP	96542	96543	96544	817	Thr
SRS-4_H2	Common	True	2515	2516	2517	2515	2516	2517	aac	aat	Asn	Asn	Synonymous	SNP	96608	96609	96610	839	Asn
SRS-4_H2	Common	True	2539	2540	2541	2539	2540	2541	gca	gcc	Ala	Ala	Synonymous	SNP	96696	96697	96698	847	Ala
SRS-4_H2	Common	True	2617	2618	2619	2617	2618	2619	att	atc	Ile	Ile	Synonymous	SNP	96774	96775	96776	873	Ile
SRS-4_H2	mRNAc	True	2848	2849	2850	2848	2849	2850	aac	aat	Asn	Asn	Synonymous	SNP	97216	97217	97218	950	Asn
SRS-4_H2	Common	True	2977	2978	2979	2977	2978	2979	tgc	tgt	Cys	Cys	Synonymous	SNP	103976	103977	103978	993	Cys
SRS-4_H2	Common	True	3388	3389	3390	3388	3389	3390	aag	aaa	Lys	Lys	Synonymous	SNP	114476	114477	114478	1130	Lys
SRS-4_H2	Common	True	3697	3698	3699	3697	3698	3699	att	atc	Ile	Ile	Synonymous	SNP	117079	117080	117081	1233	Ile
SRS-4_H2	Common	True	3703	3704	3705	3703	3704	3705	atc	att	Ile	Ile	Synonymous	SNP	117085	117086	117087	1235	Ile
SRS-4_H2	Common	True	3709	3710	3711	3709	3710	3711	gcg	gcc	Ala	Ala	Synonymous	SNP	117091	117092	117093	1237	Ala
SRS-4_H2	Common	True	4045	4046	4047	4045	4046	4047	gtt	gtc	Val	Val	Synonymous	SNP	118308	118309	118310	1349	Val
SRS-4_H2	Common	True	5596	5597	5598	5596	5597	5598	gac	gat	Asp	Asp	Synonymous	SNP	176810	176811	176812	1866	Asp
SRS-4_H2	Common	True	5599	5600	5601	5599	5600	5601	tac	tat	Tyr	Tyr	Synonymous	SNP	176813	176814	176815	1867	Tyr
SRS-4_H2	Common	True	5641	5642	5643	5641	5642	5643	ggc	ggt	Gly	Gly	Synonymous	SNP	176855	176856	176857	1881	Gly
SRS-4_H2	Common	True	5860	5861	5862	5860	5861	5862	ata	att	Ile	Ile	Synonymous	SNP	177074	177075	177076	1954	Ile
SRS-4_H2	Common	True	6067	6068	6069	6067	6068	6069	ggt	gat	Gly	Asp	Nonsynonymous	SNP	177281	177282	177283	2023	Gly
SRS-4_H2	Common	True	6088	6089	6090	6103	6104	6105	acg	gcg	Thr	Ala	Nonsynonymous	SNP	177302	177303	177304	2030	Thr
SRS-4_H2	Common	True	6112	6113	6114	6127	6128	6129	aca	tca	Thr	Ser	Nonsynonymous	SNP	177326	177327	177328	2042	Ser
Takatsuki-1_H1	Common	True	373	374	375	373	374	375	ctt	ctc	Leu	Leu	Synonymous	SNP	29856	29857	29858	125	Leu
Takatsuki-1_H1	Common	True	1084	1085	1086	1084	1085	1086	tcg	tca	Ser	Ser	Synonymous	SNP	61162	61163	61164	362	Ser
Takatsuki-1_H1	Common	True	1108	1109	1110	1108	1109	1110	gcc	gcg	Ala	Ala	Synonymous	SNP	61186	61187	61188	370	Ala
Takatsuki-1_H1	Common	True	1525	1526	1527	1525	1526	1527	tcg	tcc	Ser	Ser	Synonymous	SNP	62446	62447	62448	509	Ser
Takatsuki-1_H1	Common	True	2119	2120	2121	2119	2120	2121	gat	gac	Asp	Asp	Synonymous	SNP	82699	82700	82701	707	Asp
Takatsuki-1_H1	Common	True	2368	2369	2370	2368	2369	2370	ttg	tta	Leu	Leu	Synonymous	SNP	96461	96462	96463	790	Leu
Takatsuki-1_H1	Common	True	2386	2387	2388	2386	2387	2388	gtg	gtc	Val	Val	Synonymous	SNP	96479	96480	96481	796	Val
Takatsuki-1_H1	Common	True	2617	2618	2619	2617	2618	2619	att	ata	Ile	Ile	Synonymous	SNP	96774	96775	96776	873	Ile
Takatsuki-1_H1	Common	True	3388	3389	3390	3388	3389	3390	aag	aaa	Lys	Lys	Synonymous	SNP	114476	114477	114478	1130	Lys
Takatsuki-1_H1	Common	True	3697	3698	3699	3697	3698	3699	att	atc	Ile	Ile	Synonymous	SNP	117079	117080	117081	1233	Ile
Takatsuki-1_H1	Common	True	3703	3704	3705	3703	3704	3705	atc	att	Ile	Ile	Synonymous	SNP	117085	117086	117087	1235	Ile
Takatsuki-1_H1	Common	True	5596	5597	5598	5596	5597	5598	gac	gat	Asp	Asp	Synonymous	SNP	176810	176811	176812	1866	Asp
Takatsuki-1_H1	Common	True	5656	5657	5658	5656	5657	5658	aga	cgc	Arg	Arg	Synonymous	MNP	176870	176871	176872	1886	Arg
Takatsuki-1_H1	Common	True	5860	5861	5862	5860	5861	5862	ata	att	Ile	Ile	Synonymous	SNP	177074	177075	177076	1954	Ile
Takatsuki-1_H1	Common	True	6073	6074	6075	6073	6074	6075	gat	gaa	Asp	Glu	Nonsynonymous	SNP	177287	177288	177289	2025	Asp
Takatsuki-1_H1	Common	True	6112	6113	6114	6112	6113	6114	aca	cca	Thr	Pro	Nonsynonymous	SNP	177326	177327	177328	2042	Ser
Takatsuki-1_H2	Common	True	373	374	375	373	374	375	ctt	ctc	Leu	Leu	Synonymous	SNP	29856	29857	29858	125	Leu
Takatsuki-1_H2	Common	True	1084	1085	1086	1084	1085	1086	tcg	tca	Ser	Ser	Synonymous	SNP	61162	61163	61164	362	Ser
Takatsuki-1_H2	Common	True	1108	1109	1110	1108	1109	1110	gcc	gcg	Ala	Ala	Synonymous	SNP	61186	61187	61188	370	Ala
Takatsuki-1_H2	Common	True	1525	1526	1527	1525	1526	1527	tcg	tcc	Ser	Ser	Synonymous	SNP	62446	62447	62448	509	Ser
Takatsuki-1_H2	Common	True	1795	1796	1797	1795	1796	1797	gat	gac	Asp	Asp	Synonymous	SNP	79162	79163	79164	599	Asp
Takatsuki-1_H2	Common	True	2119	2120	2121	2119	2120	2121	gat	gac	Asp	Asp	Synonymous	SNP	82699	82700	82701	707	Asp
Takatsuki-1_H2	Common	True	2419	2420	2421	2419	2420	2421	ctc	ctg	Leu	Leu	Synonymous	SNP	96512	96513	96514	807	Leu
Takatsuki-1_H2	Common	True	2449	2450	2451	2449	2450	2451	acg	aca	Thr	Thr	Synonymous	SNP	96542	96543	96544	817	Thr
Takatsuki-1_H2	Common	True	2575	2576	2577	2575	2576	2577	ccg	cca	Pro	Pro	Synonymous	SNP	96732	96733	96734	859	Pro
Takatsuki-1_H2	Common	True	2602	2603	2604	2602	2603	2604	aac	aat	Asn	Asn	Synonymous	SNP	96759	96760	96761	868	Asn
Takatsuki-1_H2	mRNAd	True	2704	2705	2706	2704	2705	2706	ttc	ttt	Phe	Phe	Synonymous	SNP	97973	97974	97975	902	Phe
Takatsuki-1_H2	mRNAc	True	2761	2762	2763	2761	2762	2763	aca	act	Thr	Thr	Synonymous	SNP	97129	97130	97131	921	Thr
Takatsuki-1_H2	Common	True	2920	2921	2922	2920	2921	2922	agc	agt	Ser	Ser	Synonymous	SNP	103919	103920	103921	974	Ser
Takatsuki-1_H2	Common	True	3388	3389	3390	3388	3389	3390	aag	aaa	Lys	Lys	Synonymous	SNP	114476	114477	114478	1130	Lys
Takatsuki-1_H2	Common	True	3697	3698	3699	3697	3698	3699	att	atc	Ile	Ile	Synonymous	SNP	117079	117080	117081	1233	Ile
Takatsuki-1_H2	Common	True	3703	3704	3705	3703	3704	3705	atc	att	Ile	Ile	Synonymous	SNP	117085	117086	117087	1235	Ile
Takatsuki-1_H2	Common	True	3967	3968	3969	3967	3968	3969	ctg	ctc	Leu	Leu	Synonymous	SNP	118230	118231	118232	1323	Leu
Takatsuki-1_H2	Common	True	5596	5597	5598	5596	5597	5598	gac	gat	Asp	Asp	Synonymous	SNP	176810	176811	176812	1866	Asp
Takatsuki-1_H2	Common	True	5656	5657	5658	5656	5657	5658	aga	cgc	Arg	Arg	Synonymous	MNP	176870	176871	176872	1886	Arg
Takatsuki-1_H2	Common	True	5860	5861	5862	5860	5861	5862	ata	att	Ile	Ile	Synonymous	SNP	177074	177075	177076	1954	Ile
Takatsuki-1_H2	Common	True	6130	6131	6132	6139	6140	6141	gaa	gag	Glu	Glu	Synonymous	SNP	177344	177345	177346	2048	Glu
Takatsuki-2_H1	Common	True	373	374	375	373	374	375	ctt	ctc	Leu	Leu	Synonymous	SNP	29856	29857	29858	125	Leu
Takatsuki-2_H1	Common	True	1084	1085	1086	1084	1085	1086	tcg	tca	Ser	Ser	Synonymous	SNP	61162	61163	61164	362	Ser
Takatsuki-2_H1	Common	True	1108	1109	1110	1108	1109	1110	gcc	gcg	Ala	Ala	Synonymous	SNP	61186	61187	61188	370	Ala
Takatsuki-2_H1	Common	True	1525	1526	1527	1525	1526	1527	tcg	tcc	Ser	Ser	Synonymous	SNP	62446	62447	62448	509	Ser
Takatsuki-2_H1	Common	True	1795	1796	1797	1795	1796	1797	gat	gac	Asp	Asp	Synonymous	SNP	79162	79163	79164	599	Asp
Takatsuki-2_H1	Common	True	2119	2120	2121	2119	2120	2121	gat	gac	Asp	Asp	Synonymous	SNP	82699	82700	82701	707	Asp
Takatsuki-2_H1	Common	True	2449	2450	2451	2449	2450	2451	acg	aca	Thr	Thr	Synonymous	SNP	96542	96543	96544	817	Thr
Takatsuki-2_H1	Common	True	2602	2603	2604	2602	2603	2604	aac	aat	Asn	Asn	Synonymous	SNP	96759	96760	96761	868	Asn
Takatsuki-2_H1	Common	True	2617	2618	2619	2617	2618	2619	att	ata	Ile	Ile	Synonymous	SNP	96774	96775	96776	873	Ile
Takatsuki-2_H1	mRNAd	True	2704	2705	2706	2704	2705	2706	ttc	ttt	Phe	Phe	Synonymous	SNP	97973	97974	97975	902	Phe
Takatsuki-2_H1	mRNAc	True	2761	2762	2763	2761	2762	2763	aca	act	Thr	Thr	Synonymous	SNP	97129	97130	97131	921	Thr
Takatsuki-2_H1	Common	True	2920	2921	2922	2920	2921	2922	agc	agt	Ser	Ser	Synonymous	SNP	103919	103920	103921	974	Ser
Takatsuki-2_H1	Common	True	3388	3389	3390	3388	3389	3390	aag	aaa	Lys	Lys	Synonymous	SNP	114476	114477	114478	1130	Lys
Takatsuki-2_H1	Common	True	3697	3698	3699	3697	3698	3699	att	atc	Ile	Ile	Synonymous	SNP	117079	117080	117081	1233	Ile
Takatsuki-2_H1	Common	True	3703	3704	3705	3703	3704	3705	atc	att	Ile	Ile	Synonymous	SNP	117085	117086	117087	1235	Ile
Takatsuki-2_H1	Common	True	5596	5597	5598	5596	5597	5598	gac	gat	Asp	Asp	Synonymous	SNP	176810	176811	176812	1866	Asp
Takatsuki-2_H1	Common	True	5656	5657	5658	5656	5657	5658	aga	cgc	Arg	Arg	Synonymous	MNP	176870	176871	176872	1886	Arg
Takatsuki-2_H1	Common	True	5860	5861	5862	5860	5861	5862	ata	att	Ile	Ile	Synonymous	SNP	177074	177075	177076	1954	Ile
Takatsuki-2_H1	Common	True	6130	6131	6132	6139	6140	6141	gaa	gag	Glu	Glu	Synonymous	SNP	177344	177345	177346	2048	Glu
Takatsuki-2_H2	Common	True	373	374	375	373	374	375	ctt	ctc	Leu	Leu	Synonymous	SNP	29856	29857	29858	125	Leu
Takatsuki-2_H2	Common	True	1081	1082	1083	1081	1082	1083	gat	gac	Asp	Asp	Synonymous	SNP	61159	61160	61161	361	Asp
Takatsuki-2_H2	Common	True	1084	1085	1086	1084	1085	1086	tcg	tca	Ser	Ser	Synonymous	SNP	61162	61163	61164	362	Ser
Takatsuki-2_H2	Common	True	1108	1109	1110	1108	1109	1110	gcc	gcg	Ala	Ala	Synonymous	SNP	61186	61187	61188	370	Ala
Takatsuki-2_H2	Common	True	1315	1316	1317	1315	1316	1317	ata	atc	Ile	Ile	Synonymous	SNP	61393	61394	61395	439	Ile
Takatsuki-2_H2	Common	True	1513	1514	1515	1513	1514	1515	aaa	aag	Lys	Lys	Synonymous	SNP	62434	62435	62436	505	Lys
Takatsuki-2_H2	Common	True	2119	2120	2121	2119	2120	2121	gat	gac	Asp	Asp	Synonymous	SNP	82699	82700	82701	707	Asp
Takatsuki-2_H2	Common	True	2368	2369	2370	2368	2369	2370	ttg	tta	Leu	Leu	Synonymous	SNP	96461	96462	96463	790	Leu
Takatsuki-2_H2	Common	True	2386	2387	2388	2386	2387	2388	gtg	gtc	Val	Val	Synonymous	SNP	96479	96480	96481	796	Val
Takatsuki-2_H2	Common	True	2449	2450	2451	2449	2450	2451	acg	aca	Thr	Thr	Synonymous	SNP	96542	96543	96544	817	Thr
Takatsuki-2_H2	mRNAd	True	2752	2753	2754	2752	2753	2754	atg	acg	Met	Thr	Nonsynonymous	SNP	98021	98022	98023	918	Met
Takatsuki-2_H2	Common	True	3040	3041	3042	3040	3041	3042	ctt	ttt	Leu	Phe	Nonsynonymous	SNP	104039	104040	104041	1014	Leu
Takatsuki-2_H2	Common	True	3388	3389	3390	3388	3389	3390	aag	aaa	Lys	Lys	Synonymous	SNP	114476	114477	114478	1130	Lys
Takatsuki-2_H2	Common	True	3697	3698	3699	3697	3698	3699	att	atc	Ile	Ile	Synonymous	SNP	117079	117080	117081	1233	Ile
Takatsuki-2_H2	Common	True	3703	3704	3705	3703	3704	3705	atc	att	Ile	Ile	Synonymous	SNP	117085	117086	117087	1235	Ile
Takatsuki-2_H2	Common	True	3709	3710	3711	3709	3710	3711	gcg	gcc	Ala	Ala	Synonymous	SNP	117091	117092	117093	1237	Ala
Takatsuki-2_H2	Common	True	4045	4046	4047	4045	4046	4047	gtt	gtc	Val	Val	Synonymous	SNP	118308	118309	118310	1349	Val
Takatsuki-2_H2	Common	True	5596	5597	5598	5596	5597	5598	gac	gat	Asp	Asp	Synonymous	SNP	176810	176811	176812	1866	Asp
Takatsuki-2_H2	Common	True	5641	5642	5643	5641	5642	5643	ggc	ggt	Gly	Gly	Synonymous	SNP	176855	176856	176857	1881	Gly
Takatsuki-2_H2	Common	True	5860	5861	5862	5860	5861	5862	ata	att	Ile	Ile	Synonymous	SNP	177074	177075	177076	1954	Ile
Takatsuki-2_H2	Common	True	6088	6089	6090	6103	6104	6105	acg	gcg	Thr	Ala	Nonsynonymous	SNP	177302	177303	177304	2030	Thr
Takatsuki-2_H2	Common	True	6112	6113	6114	6127	6128	6129	aca	tca	Thr	Ser	Nonsynonymous	SNP	177326	177327	177328	2042	Ser
Takatsuki-3_H1	Common	True	373	374	375	373	374	375	ctt	ctc	Leu	Leu	Synonymous	SNP	29856	29857	29858	125	Leu
Takatsuki-3_H1	Common	True	1084	1085	1086	1084	1085	1086	tcg	tca	Ser	Ser	Synonymous	SNP	61162	61163	61164	362	Ser
Takatsuki-3_H1	Common	True	1108	1109	1110	1108	1109	1110	gcc	gcg	Ala	Ala	Synonymous	SNP	61186	61187	61188	370	Ala
Takatsuki-3_H1	Common	True	1525	1526	1527	1525	1526	1527	tcg	tcc	Ser	Ser	Synonymous	SNP	62446	62447	62448	509	Ser
Takatsuki-3_H1	Common	True	1795	1796	1797	1795	1796	1797	gat	gac	Asp	Asp	Synonymous	SNP	79162	79163	79164	599	Asp
Takatsuki-3_H1	Common	True	2119	2120	2121	2119	2120	2121	gat	gac	Asp	Asp	Synonymous	SNP	82699	82700	82701	707	Asp
Takatsuki-3_H1	Common	True	2449	2450	2451	2449	2450	2451	acg	aca	Thr	Thr	Synonymous	SNP	96542	96543	96544	817	Thr
Takatsuki-3_H1	Common	True	2602	2603	2604	2602	2603	2604	aac	aat	Asn	Asn	Synonymous	SNP	96759	96760	96761	868	Asn
Takatsuki-3_H1	Common	True	2617	2618	2619	2617	2618	2619	att	ata	Ile	Ile	Synonymous	SNP	96774	96775	96776	873	Ile
Takatsuki-3_H1	mRNAd	True	2704	2705	2706	2704	2705	2706	ttc	ttt	Phe	Phe	Synonymous	SNP	97973	97974	97975	902	Phe
Takatsuki-3_H1	mRNAc	True	2761	2762	2763	2761	2762	2763	aca	act	Thr	Thr	Synonymous	SNP	97129	97130	97131	921	Thr
Takatsuki-3_H1	Common	True	2920	2921	2922	2920	2921	2922	agc	agt	Ser	Ser	Synonymous	SNP	103919	103920	103921	974	Ser
Takatsuki-3_H1	Common	True	3388	3389	3390	3388	3389	3390	aag	aaa	Lys	Lys	Synonymous	SNP	114476	114477	114478	1130	Lys
Takatsuki-3_H1	Common	True	3697	3698	3699	3697	3698	3699	att	atc	Ile	Ile	Synonymous	SNP	117079	117080	117081	1233	Ile
Takatsuki-3_H1	Common	True	3703	3704	3705	3703	3704	3705	atc	att	Ile	Ile	Synonymous	SNP	117085	117086	117087	1235	Ile
Takatsuki-3_H1	Common	True	5596	5597	5598	5596	5597	5598	gac	gat	Asp	Asp	Synonymous	SNP	176810	176811	176812	1866	Asp
Takatsuki-3_H1	Common	True	5656	5657	5658	5656	5657	5658	aga	cgc	Arg	Arg	Synonymous	MNP	176870	176871	176872	1886	Arg
Takatsuki-3_H1	Common	True	5860	5861	5862	5860	5861	5862	ata	att	Ile	Ile	Synonymous	SNP	177074	177075	177076	1954	Ile
Takatsuki-3_H1	Common	True	6130	6131	6132	6139	6140	6141	gaa	gag	Glu	Glu	Synonymous	SNP	177344	177345	177346	2048	Glu
Takatsuki-3_H2	Common	True	373	374	375	373	374	375	ctt	ctc	Leu	Leu	Synonymous	SNP	29856	29857	29858	125	Leu
Takatsuki-3_H2	Common	True	1084	1085	1086	1084	1085	1086	tcg	tca	Ser	Ser	Synonymous	SNP	61162	61163	61164	362	Ser
Takatsuki-3_H2	Common	True	1108	1109	1110	1108	1109	1110	gcc	gcg	Ala	Ala	Synonymous	SNP	61186	61187	61188	370	Ala
Takatsuki-3_H2	Common	True	1525	1526	1527	1525	1526	1527	tcg	tcc	Ser	Ser	Synonymous	SNP	62446	62447	62448	509	Ser
Takatsuki-3_H2	Common	True	1795	1796	1797	1795	1796	1797	gat	gac	Asp	Asp	Synonymous	SNP	79162	79163	79164	599	Asp
Takatsuki-3_H2	Common	True	2119	2120	2121	2119	2120	2121	gat	gac	Asp	Asp	Synonymous	SNP	82699	82700	82701	707	Asp
Takatsuki-3_H2	Common	True	2449	2450	2451	2449	2450	2451	acg	aca	Thr	Thr	Synonymous	SNP	96542	96543	96544	817	Thr
Takatsuki-3_H2	Common	True	2602	2603	2604	2602	2603	2604	aac	aat	Asn	Asn	Synonymous	SNP	96759	96760	96761	868	Asn
Takatsuki-3_H2	Common	True	2617	2618	2619	2617	2618	2619	att	ata	Ile	Ile	Synonymous	SNP	96774	96775	96776	873	Ile
Takatsuki-3_H2	mRNAd	True	2704	2705	2706	2704	2705	2706	ttc	ttt	Phe	Phe	Synonymous	SNP	97973	97974	97975	902	Phe
Takatsuki-3_H2	mRNAc	True	2761	2762	2763	2761	2762	2763	aca	act	Thr	Thr	Synonymous	SNP	97129	97130	97131	921	Thr
Takatsuki-3_H2	Common	True	2920	2921	2922	2920	2921	2922	agc	agt	Ser	Ser	Synonymous	SNP	103919	103920	103921	974	Ser
Takatsuki-3_H2	Common	True	3388	3389	3390	3388	3389	3390	aag	aaa	Lys	Lys	Synonymous	SNP	114476	114477	114478	1130	Lys
Takatsuki-3_H2	Common	True	3697	3698	3699	3697	3698	3699	att	atc	Ile	Ile	Synonymous	SNP	117079	117080	117081	1233	Ile
Takatsuki-3_H2	Common	True	3703	3704	3705	3703	3704	3705	atc	att	Ile	Ile	Synonymous	SNP	117085	117086	117087	1235	Ile
Takatsuki-3_H2	Common	True	5596	5597	5598	5596	5597	5598	gac	gat	Asp	Asp	Synonymous	SNP	176810	176811	176812	1866	Asp
Takatsuki-3_H2	Common	True	5656	5657	5658	5656	5657	5658	aga	cgc	Arg	Arg	Synonymous	MNP	176870	176871	176872	1886	Arg
Takatsuki-3_H2	Common	True	5860	5861	5862	5860	5861	5862	ata	att	Ile	Ile	Synonymous	SNP	177074	177075	177076	1954	Ile
Takatsuki-3_H2	Common	True	6130	6131	6132	6139	6140	6141	gaa	gag	Glu	Glu	Synonymous	SNP	177344	177345	177346	2048	Glu
Takatsuki-4_H1	Common	True	373	374	375	373	374	375	ctt	ctc	Leu	Leu	Synonymous	SNP	29856	29857	29858	125	Leu
Takatsuki-4_H1	Common	True	1081	1082	1083	1081	1082	1083	gat	gac	Asp	Asp	Synonymous	SNP	61159	61160	61161	361	Asp
Takatsuki-4_H1	Common	True	1084	1085	1086	1084	1085	1086	tcg	tca	Ser	Ser	Synonymous	SNP	61162	61163	61164	362	Ser
Takatsuki-4_H1	Common	True	1108	1109	1110	1108	1109	1110	gcc	gcg	Ala	Ala	Synonymous	SNP	61186	61187	61188	370	Ala
Takatsuki-4_H1	Common	True	1315	1316	1317	1315	1316	1317	ata	atc	Ile	Ile	Synonymous	SNP	61393	61394	61395	439	Ile
Takatsuki-4_H1	Common	True	1513	1514	1515	1513	1514	1515	aaa	aag	Lys	Lys	Synonymous	SNP	62434	62435	62436	505	Lys
Takatsuki-4_H1	Common	True	2119	2120	2121	2119	2120	2121	gat	gac	Asp	Asp	Synonymous	SNP	82699	82700	82701	707	Asp
Takatsuki-4_H1	Common	True	2368	2369	2370	2368	2369	2370	ttg	tta	Leu	Leu	Synonymous	SNP	96461	96462	96463	790	Leu
Takatsuki-4_H1	Common	True	2386	2387	2388	2386	2387	2388	gtg	gtc	Val	Val	Synonymous	SNP	96479	96480	96481	796	Val
Takatsuki-4_H1	Common	True	2449	2450	2451	2449	2450	2451	acg	aca	Thr	Thr	Synonymous	SNP	96542	96543	96544	817	Thr
Takatsuki-4_H1	mRNAd	True	2752	2753	2754	2752	2753	2754	atg	acg	Met	Thr	Nonsynonymous	SNP	98021	98022	98023	918	Met
Takatsuki-4_H1	Common	True	3040	3041	3042	3040	3041	3042	ctt	ttt	Leu	Phe	Nonsynonymous	SNP	104039	104040	104041	1014	Leu
Takatsuki-4_H1	Common	True	3388	3389	3390	3388	3389	3390	aag	aaa	Lys	Lys	Synonymous	SNP	114476	114477	114478	1130	Lys
Takatsuki-4_H1	Common	True	3697	3698	3699	3697	3698	3699	att	atc	Ile	Ile	Synonymous	SNP	117079	117080	117081	1233	Ile
Takatsuki-4_H1	Common	True	3703	3704	3705	3703	3704	3705	atc	att	Ile	Ile	Synonymous	SNP	117085	117086	117087	1235	Ile
Takatsuki-4_H1	Common	True	3709	3710	3711	3709	3710	3711	gcg	gcc	Ala	Ala	Synonymous	SNP	117091	117092	117093	1237	Ala
Takatsuki-4_H1	Common	True	4045	4046	4047	4045	4046	4047	gtt	gtc	Val	Val	Synonymous	SNP	118308	118309	118310	1349	Val
Takatsuki-4_H1	Common	True	5596	5597	5598	5596	5597	5598	gac	gat	Asp	Asp	Synonymous	SNP	176810	176811	176812	1866	Asp
Takatsuki-4_H1	Common	True	5641	5642	5643	5641	5642	5643	ggc	ggt	Gly	Gly	Synonymous	SNP	176855	176856	176857	1881	Gly
Takatsuki-4_H1	Common	True	5860	5861	5862	5860	5861	5862	ata	att	Ile	Ile	Synonymous	SNP	177074	177075	177076	1954	Ile
Takatsuki-4_H1	Common	True	6088	6089	6090	6103	6104	6105	acg	gcg	Thr	Ala	Nonsynonymous	SNP	177302	177303	177304	2030	Thr
Takatsuki-4_H1	Common	True	6112	6113	6114	6127	6128	6129	aca	tca	Thr	Ser	Nonsynonymous	SNP	177326	177327	177328	2042	Ser
Takatsuki-4_H2	Common	True	373	374	375	373	374	375	ctt	ctc	Leu	Leu	Synonymous	SNP	29856	29857	29858	125	Leu
Takatsuki-4_H2	Common	True	1081	1082	1083	1081	1082	1083	gat	gac	Asp	Asp	Synonymous	SNP	61159	61160	61161	361	Asp
Takatsuki-4_H2	Common	True	1084	1085	1086	1084	1085	1086	tcg	tca	Ser	Ser	Synonymous	SNP	61162	61163	61164	362	Ser
Takatsuki-4_H2	Common	True	1108	1109	1110	1108	1109	1110	gcc	gcg	Ala	Ala	Synonymous	SNP	61186	61187	61188	370	Ala
Takatsuki-4_H2	Common	True	1315	1316	1317	1315	1316	1317	ata	atc	Ile	Ile	Synonymous	SNP	61393	61394	61395	439	Ile
Takatsuki-4_H2	Common	True	1513	1514	1515	1513	1514	1515	aaa	aag	Lys	Lys	Synonymous	SNP	62434	62435	62436	505	Lys
Takatsuki-4_H2	Common	True	2119	2120	2121	2119	2120	2121	gat	gac	Asp	Asp	Synonymous	SNP	82699	82700	82701	707	Asp
Takatsuki-4_H2	Common	True	2368	2369	2370	2368	2369	2370	ttg	tta	Leu	Leu	Synonymous	SNP	96461	96462	96463	790	Leu
Takatsuki-4_H2	Common	True	2386	2387	2388	2386	2387	2388	gtg	gtc	Val	Val	Synonymous	SNP	96479	96480	96481	796	Val
Takatsuki-4_H2	Common	True	2449	2450	2451	2449	2450	2451	acg	aca	Thr	Thr	Synonymous	SNP	96542	96543	96544	817	Thr
Takatsuki-4_H2	mRNAd	True	2752	2753	2754	2752	2753	2754	atg	acg	Met	Thr	Nonsynonymous	SNP	98021	98022	98023	918	Met
Takatsuki-4_H2	Common	True	3040	3041	3042	3040	3041	3042	ctt	ttt	Leu	Phe	Nonsynonymous	SNP	104039	104040	104041	1014	Leu
Takatsuki-4_H2	Common	True	3388	3389	3390	3388	3389	3390	aag	aaa	Lys	Lys	Synonymous	SNP	114476	114477	114478	1130	Lys
Takatsuki-4_H2	Common	True	3697	3698	3699	3697	3698	3699	att	atc	Ile	Ile	Synonymous	SNP	117079	117080	117081	1233	Ile
Takatsuki-4_H2	Common	True	3703	3704	3705	3703	3704	3705	atc	att	Ile	Ile	Synonymous	SNP	117085	117086	117087	1235	Ile
Takatsuki-4_H2	Common	True	3709	3710	3711	3709	3710	3711	gcg	gcc	Ala	Ala	Synonymous	SNP	117091	117092	117093	1237	Ala
Takatsuki-4_H2	Common	True	4045	4046	4047	4045	4046	4047	gtt	gtc	Val	Val	Synonymous	SNP	118308	118309	118310	1349	Val
Takatsuki-4_H2	Common	True	5596	5597	5598	5596	5597	5598	gac	gat	Asp	Asp	Synonymous	SNP	176810	176811	176812	1866	Asp
Takatsuki-4_H2	Common	True	5641	5642	5643	5641	5642	5643	ggc	ggt	Gly	Gly	Synonymous	SNP	176855	176856	176857	1881	Gly
Takatsuki-4_H2	Common	True	5860	5861	5862	5860	5861	5862	ata	att	Ile	Ile	Synonymous	SNP	177074	177075	177076	1954	Ile
Takatsuki-4_H2	Common	True	6088	6089	6090	6103	6104	6105	acg	gcg	Thr	Ala	Nonsynonymous	SNP	177302	177303	177304	2030	Thr
Takatsuki-4_H2	Common	True	6112	6113	6114	6127	6128	6129	aca	tca	Thr	Ser	Nonsynonymous	SNP	177326	177327	177328	2042	Ser
TypeD-1_H1	Common	True	1081	1082	1083	1081	1082	1083	gat	gac	Asp	Asp	Synonymous	SNP	61159	61160	61161	361	Asp
TypeD-1_H1	Common	True	1084	1085	1086	1084	1085	1086	tcg	tca	Ser	Ser	Synonymous	SNP	61162	61163	61164	362	Ser
TypeD-1_H1	Common	True	1108	1109	1110	1108	1109	1110	gcc	gcg	Ala	Ala	Synonymous	SNP	61186	61187	61188	370	Ala
TypeD-1_H1	Common	True	2539	2540	2541	2539	2540	2541	gca	gcg	Ala	Ala	Synonymous	SNP	96696	96697	96698	847	Ala
TypeD-1_H1	Common	True	2590	2591	2592	2590	2591	2592	cag	caa	Gln	Gln	Synonymous	SNP	96747	96748	96749	864	Gln
TypeD-1_H1	mRNAd	True	2752	2753	2754	2752	2753	2754	atg	acg	Met	Thr	Nonsynonymous	SNP	98021	98022	98023	918	Met
TypeD-1_H1	Common	True	2857	2858	2859	2857	2858	2859	gac	gat	Asp	Asp	Synonymous	SNP	97225	103857	103858	953	Asp
TypeD-1_H1	Common	True	3040	3041	3042	3040	3041	3042	ctt	ttt	Leu	Phe	Nonsynonymous	SNP	104039	104040	104041	1014	Leu
TypeD-1_H1	Common	True	3697	3698	3699	3697	3698	3699	att	atc	Ile	Ile	Synonymous	SNP	117079	117080	117081	1233	Ile
TypeD-1_H1	Common	True	3703	3704	3705	3703	3704	3705	atc	att	Ile	Ile	Synonymous	SNP	117085	117086	117087	1235	Ile
TypeD-1_H1	Common	True	3709	3710	3711	3709	3710	3711	gcg	gcc	Ala	Ala	Synonymous	SNP	117091	117092	117093	1237	Ala
TypeD-1_H1	Common	True	3754	3755	3756	3754	3755	3756	ttc	ttt	Phe	Phe	Synonymous	SNP	117136	117137	117138	1252	Phe
TypeD-1_H1	Common	True	5596	5597	5598	5596	5597	5598	gac	gat	Asp	Asp	Synonymous	SNP	176810	176811	176812	1866	Asp
TypeD-1_H1	Common	True	5656	5657	5658	5656	5657	5658	aga	cgc	Arg	Arg	Synonymous	MNP	176870	176871	176872	1886	Arg
TypeD-1_H1	Common	True	5677	5678	5679	5677	5678	5679	ttc	ttt	Phe	Phe	Synonymous	SNP	176891	176892	176893	1893	Phe
TypeD-1_H1	Common	True	6007	6008	6009	6007	6008	6009	gct	gat	Ala	Asp	Nonsynonymous	SNP	177221	177222	177223	2003	Ala
TypeD-1_H1	Common	True	6148	6149	6150	6148	6149	6150	gtc	gcc	Val	Ala	Nonsynonymous	SNP	177362	177363	177364	2054	Val
TypeD-1_H2	Common	True	1081	1082	1083	1081	1082	1083	gat	gac	Asp	Asp	Synonymous	SNP	61159	61160	61161	361	Asp
TypeD-1_H2	Common	True	1084	1085	1086	1084	1085	1086	tcg	tca	Ser	Ser	Synonymous	SNP	61162	61163	61164	362	Ser
TypeD-1_H2	Common	True	1108	1109	1110	1108	1109	1110	gcc	gcg	Ala	Ala	Synonymous	SNP	61186	61187	61188	370	Ala
TypeD-1_H2	Common	True	2539	2540	2541	2539	2540	2541	gca	gcg	Ala	Ala	Synonymous	SNP	96696	96697	96698	847	Ala
TypeD-1_H2	Common	True	2590	2591	2592	2590	2591	2592	cag	caa	Gln	Gln	Synonymous	SNP	96747	96748	96749	864	Gln
TypeD-1_H2	mRNAd	True	2752	2753	2754	2752	2753	2754	atg	acg	Met	Thr	Nonsynonymous	SNP	98021	98022	98023	918	Met
TypeD-1_H2	Common	True	2857	2858	2859	2857	2858	2859	gac	gat	Asp	Asp	Synonymous	SNP	97225	103857	103858	953	Asp
TypeD-1_H2	Common	True	3040	3041	3042	3040	3041	3042	ctt	ttt	Leu	Phe	Nonsynonymous	SNP	104039	104040	104041	1014	Leu
TypeD-1_H2	Common	True	3697	3698	3699	3697	3698	3699	att	atc	Ile	Ile	Synonymous	SNP	117079	117080	117081	1233	Ile
TypeD-1_H2	Common	True	3703	3704	3705	3703	3704	3705	atc	att	Ile	Ile	Synonymous	SNP	117085	117086	117087	1235	Ile
TypeD-1_H2	Common	True	3709	3710	3711	3709	3710	3711	gcg	gcc	Ala	Ala	Synonymous	SNP	117091	117092	117093	1237	Ala
TypeD-1_H2	Common	True	3754	3755	3756	3754	3755	3756	ttc	ttt	Phe	Phe	Synonymous	SNP	117136	117137	117138	1252	Phe
TypeD-1_H2	Common	True	5596	5597	5598	5596	5597	5598	gac	gat	Asp	Asp	Synonymous	SNP	176810	176811	176812	1866	Asp
TypeD-1_H2	Common	True	5656	5657	5658	5656	5657	5658	aga	cgc	Arg	Arg	Synonymous	MNP	176870	176871	176872	1886	Arg
TypeD-1_H2	Common	True	5677	5678	5679	5677	5678	5679	ttc	ttt	Phe	Phe	Synonymous	SNP	176891	176892	176893	1893	Phe
TypeD-1_H2	Common	True	6007	6008	6009	6007	6008	6009	gct	gat	Ala	Asp	Nonsynonymous	SNP	177221	177222	177223	2003	Ala
TypeD-1_H2	Common	True	6148	6149	6150	6148	6149	6150	gtc	gcc	Val	Ala	Nonsynonymous	SNP	177362	177363	177364	2054	Val
TypeD-2_H1	Common	True	1081	1082	1083	1081	1082	1083	gat	gac	Asp	Asp	Synonymous	SNP	61159	61160	61161	361	Asp
TypeD-2_H1	Common	True	1084	1085	1086	1084	1085	1086	tcg	tca	Ser	Ser	Synonymous	SNP	61162	61163	61164	362	Ser
TypeD-2_H1	Common	True	1108	1109	1110	1108	1109	1110	gcc	gcg	Ala	Ala	Synonymous	SNP	61186	61187	61188	370	Ala
TypeD-2_H1	Common	True	2539	2540	2541	2539	2540	2541	gca	gcg	Ala	Ala	Synonymous	SNP	96696	96697	96698	847	Ala
TypeD-2_H1	Common	True	2590	2591	2592	2590	2591	2592	cag	caa	Gln	Gln	Synonymous	SNP	96747	96748	96749	864	Gln
TypeD-2_H1	mRNAd	True	2752	2753	2754	2752	2753	2754	atg	acg	Met	Thr	Nonsynonymous	SNP	98021	98022	98023	918	Met
TypeD-2_H1	Common	True	2857	2858	2859	2857	2858	2859	gac	gat	Asp	Asp	Synonymous	SNP	97225	103857	103858	953	Asp
TypeD-2_H1	Common	True	3040	3041	3042	3040	3041	3042	ctt	ttt	Leu	Phe	Nonsynonymous	SNP	104039	104040	104041	1014	Leu
TypeD-2_H1	Common	True	3697	3698	3699	3697	3698	3699	att	atc	Ile	Ile	Synonymous	SNP	117079	117080	117081	1233	Ile
TypeD-2_H1	Common	True	3703	3704	3705	3703	3704	3705	atc	att	Ile	Ile	Synonymous	SNP	117085	117086	117087	1235	Ile
TypeD-2_H1	Common	True	3709	3710	3711	3709	3710	3711	gcg	gcc	Ala	Ala	Synonymous	SNP	117091	117092	117093	1237	Ala
TypeD-2_H1	Common	True	3754	3755	3756	3754	3755	3756	ttc	ttt	Phe	Phe	Synonymous	SNP	117136	117137	117138	1252	Phe
TypeD-2_H1	Common	True	5596	5597	5598	5596	5597	5598	gac	gat	Asp	Asp	Synonymous	SNP	176810	176811	176812	1866	Asp
TypeD-2_H1	Common	True	5656	5657	5658	5656	5657	5658	aga	cgc	Arg	Arg	Synonymous	MNP	176870	176871	176872	1886	Arg
TypeD-2_H1	Common	True	5677	5678	5679	5677	5678	5679	ttc	ttt	Phe	Phe	Synonymous	SNP	176891	176892	176893	1893	Phe
TypeD-2_H1	Common	True	6007	6008	6009	6007	6008	6009	gct	gat	Ala	Asp	Nonsynonymous	SNP	177221	177222	177223	2003	Ala
TypeD-2_H1	Common	True	6148	6149	6150	6148	6149	6150	gtc	gcc	Val	Ala	Nonsynonymous	SNP	177362	177363	177364	2054	Val
TypeD-2_H2	Common	True	1081	1082	1083	1081	1082	1083	gat	gac	Asp	Asp	Synonymous	SNP	61159	61160	61161	361	Asp
TypeD-2_H2	Common	True	1084	1085	1086	1084	1085	1086	tcg	tca	Ser	Ser	Synonymous	SNP	61162	61163	61164	362	Ser
TypeD-2_H2	Common	True	1108	1109	1110	1108	1109	1110	gcc	gcg	Ala	Ala	Synonymous	SNP	61186	61187	61188	370	Ala
TypeD-2_H2	Common	True	2539	2540	2541	2539	2540	2541	gca	gcg	Ala	Ala	Synonymous	SNP	96696	96697	96698	847	Ala
TypeD-2_H2	Common	True	2590	2591	2592	2590	2591	2592	cag	caa	Gln	Gln	Synonymous	SNP	96747	96748	96749	864	Gln
TypeD-2_H2	mRNAd	True	2752	2753	2754	2752	2753	2754	atg	acg	Met	Thr	Nonsynonymous	SNP	98021	98022	98023	918	Met
TypeD-2_H2	Common	True	2857	2858	2859	2857	2858	2859	gac	gat	Asp	Asp	Synonymous	SNP	97225	103857	103858	953	Asp
TypeD-2_H2	Common	True	3040	3041	3042	3040	3041	3042	ctt	ttt	Leu	Phe	Nonsynonymous	SNP	104039	104040	104041	1014	Leu
TypeD-2_H2	Common	True	3697	3698	3699	3697	3698	3699	att	atc	Ile	Ile	Synonymous	SNP	117079	117080	117081	1233	Ile
TypeD-2_H2	Common	True	3703	3704	3705	3703	3704	3705	atc	att	Ile	Ile	Synonymous	SNP	117085	117086	117087	1235	Ile
TypeD-2_H2	Common	True	3709	3710	3711	3709	3710	3711	gcg	gcc	Ala	Ala	Synonymous	SNP	117091	117092	117093	1237	Ala
TypeD-2_H2	Common	True	3754	3755	3756	3754	3755	3756	ttc	ttt	Phe	Phe	Synonymous	SNP	117136	117137	117138	1252	Phe
TypeD-2_H2	Common	True	5596	5597	5598	5596	5597	5598	gac	gat	Asp	Asp	Synonymous	SNP	176810	176811	176812	1866	Asp
TypeD-2_H2	Common	True	5656	5657	5658	5656	5657	5658	aga	cgc	Arg	Arg	Synonymous	MNP	176870	176871	176872	1886	Arg
TypeD-2_H2	Common	True	5677	5678	5679	5677	5678	5679	ttc	ttt	Phe	Phe	Synonymous	SNP	176891	176892	176893	1893	Phe
TypeD-2_H2	Common	True	6007	6008	6009	6007	6008	6009	gct	gat	Ala	Asp	Nonsynonymous	SNP	177221	177222	177223	2003	Ala
TypeD-2_H2	Common	True	6148	6149	6150	6148	6149	6150	gtc	gcc	Val	Ala	Nonsynonymous	SNP	177362	177363	177364	2054	Val
TypeD-3_H1	Common	True	1081	1082	1083	1081	1082	1083	gat	gac	Asp	Asp	Synonymous	SNP	61159	61160	61161	361	Asp
TypeD-3_H1	Common	True	1084	1085	1086	1084	1085	1086	tcg	tca	Ser	Ser	Synonymous	SNP	61162	61163	61164	362	Ser
TypeD-3_H1	Common	True	1108	1109	1110	1108	1109	1110	gcc	gcg	Ala	Ala	Synonymous	SNP	61186	61187	61188	370	Ala
TypeD-3_H1	Common	True	2539	2540	2541	2539	2540	2541	gca	gcg	Ala	Ala	Synonymous	SNP	96696	96697	96698	847	Ala
TypeD-3_H1	Common	True	2590	2591	2592	2590	2591	2592	cag	caa	Gln	Gln	Synonymous	SNP	96747	96748	96749	864	Gln
TypeD-3_H1	mRNAd	True	2752	2753	2754	2752	2753	2754	atg	acg	Met	Thr	Nonsynonymous	SNP	98021	98022	98023	918	Met
TypeD-3_H1	Common	True	2857	2858	2859	2857	2858	2859	gac	gat	Asp	Asp	Synonymous	SNP	97225	103857	103858	953	Asp
TypeD-3_H1	Common	True	3040	3041	3042	3040	3041	3042	ctt	ttt	Leu	Phe	Nonsynonymous	SNP	104039	104040	104041	1014	Leu
TypeD-3_H1	Common	True	3697	3698	3699	3697	3698	3699	att	atc	Ile	Ile	Synonymous	SNP	117079	117080	117081	1233	Ile
TypeD-3_H1	Common	True	3703	3704	3705	3703	3704	3705	atc	att	Ile	Ile	Synonymous	SNP	117085	117086	117087	1235	Ile
TypeD-3_H1	Common	True	3709	3710	3711	3709	3710	3711	gcg	gcc	Ala	Ala	Synonymous	SNP	117091	117092	117093	1237	Ala
TypeD-3_H1	Common	True	3754	3755	3756	3754	3755	3756	ttc	ttt	Phe	Phe	Synonymous	SNP	117136	117137	117138	1252	Phe
TypeD-3_H1	Common	True	5596	5597	5598	5596	5597	5598	gac	gat	Asp	Asp	Synonymous	SNP	176810	176811	176812	1866	Asp
TypeD-3_H1	Common	True	5656	5657	5658	5656	5657	5658	aga	cgc	Arg	Arg	Synonymous	MNP	176870	176871	176872	1886	Arg
TypeD-3_H1	Common	True	5677	5678	5679	5677	5678	5679	ttc	ttt	Phe	Phe	Synonymous	SNP	176891	176892	176893	1893	Phe
TypeD-3_H1	Common	True	6007	6008	6009	6007	6008	6009	gct	gat	Ala	Asp	Nonsynonymous	SNP	177221	177222	177223	2003	Ala
TypeD-3_H1	Common	True	6148	6149	6150	6148	6149	6150	gtc	gcc	Val	Ala	Nonsynonymous	SNP	177362	177363	177364	2054	Val
TypeD-3_H2	Common	True	1081	1082	1083	1081	1082	1083	gat	gac	Asp	Asp	Synonymous	SNP	61159	61160	61161	361	Asp
TypeD-3_H2	Common	True	1084	1085	1086	1084	1085	1086	tcg	tca	Ser	Ser	Synonymous	SNP	61162	61163	61164	362	Ser
TypeD-3_H2	Common	True	1108	1109	1110	1108	1109	1110	gcc	gcg	Ala	Ala	Synonymous	SNP	61186	61187	61188	370	Ala
TypeD-3_H2	Common	True	2539	2540	2541	2539	2540	2541	gca	gcg	Ala	Ala	Synonymous	SNP	96696	96697	96698	847	Ala
TypeD-3_H2	Common	True	2590	2591	2592	2590	2591	2592	cag	caa	Gln	Gln	Synonymous	SNP	96747	96748	96749	864	Gln
TypeD-3_H2	mRNAd	True	2752	2753	2754	2752	2753	2754	atg	acg	Met	Thr	Nonsynonymous	SNP	98021	98022	98023	918	Met
TypeD-3_H2	Common	True	2857	2858	2859	2857	2858	2859	gac	gat	Asp	Asp	Synonymous	SNP	97225	103857	103858	953	Asp
TypeD-3_H2	Common	True	3040	3041	3042	3040	3041	3042	ctt	ttt	Leu	Phe	Nonsynonymous	SNP	104039	104040	104041	1014	Leu
TypeD-3_H2	Common	True	3697	3698	3699	3697	3698	3699	att	atc	Ile	Ile	Synonymous	SNP	117079	117080	117081	1233	Ile
TypeD-3_H2	Common	True	3703	3704	3705	3703	3704	3705	atc	att	Ile	Ile	Synonymous	SNP	117085	117086	117087	1235	Ile
TypeD-3_H2	Common	True	3709	3710	3711	3709	3710	3711	gcg	gcc	Ala	Ala	Synonymous	SNP	117091	117092	117093	1237	Ala
TypeD-3_H2	Common	True	3754	3755	3756	3754	3755	3756	ttc	ttt	Phe	Phe	Synonymous	SNP	117136	117137	117138	1252	Phe
TypeD-3_H2	Common	True	5596	5597	5598	5596	5597	5598	gac	gat	Asp	Asp	Synonymous	SNP	176810	176811	176812	1866	Asp
TypeD-3_H2	Common	True	5656	5657	5658	5656	5657	5658	aga	cgc	Arg	Arg	Synonymous	MNP	176870	176871	176872	1886	Arg
TypeD-3_H2	Common	True	5677	5678	5679	5677	5678	5679	ttc	ttt	Phe	Phe	Synonymous	SNP	176891	176892	176893	1893	Phe
TypeD-3_H2	Common	True	6007	6008	6009	6007	6008	6009	gct	gat	Ala	Asp	Nonsynonymous	SNP	177221	177222	177223	2003	Ala
TypeD-3_H2	Common	True	6148	6149	6150	6148	6149	6150	gtc	gcc	Val	Ala	Nonsynonymous	SNP	177362	177363	177364	2054	Val
TypeD-4_H1	Common	True	1081	1082	1083	1081	1082	1083	gat	gac	Asp	Asp	Synonymous	SNP	61159	61160	61161	361	Asp
TypeD-4_H1	Common	True	1084	1085	1086	1084	1085	1086	tcg	tca	Ser	Ser	Synonymous	SNP	61162	61163	61164	362	Ser
TypeD-4_H1	Common	True	1108	1109	1110	1108	1109	1110	gcc	gcg	Ala	Ala	Synonymous	SNP	61186	61187	61188	370	Ala
TypeD-4_H1	Common	True	2539	2540	2541	2539	2540	2541	gca	gcg	Ala	Ala	Synonymous	SNP	96696	96697	96698	847	Ala
TypeD-4_H1	Common	True	2590	2591	2592	2590	2591	2592	cag	caa	Gln	Gln	Synonymous	SNP	96747	96748	96749	864	Gln
TypeD-4_H1	mRNAd	True	2752	2753	2754	2752	2753	2754	atg	acg	Met	Thr	Nonsynonymous	SNP	98021	98022	98023	918	Met
TypeD-4_H1	Common	True	2857	2858	2859	2857	2858	2859	gac	gat	Asp	Asp	Synonymous	SNP	97225	103857	103858	953	Asp
TypeD-4_H1	Common	True	3040	3041	3042	3040	3041	3042	ctt	ttt	Leu	Phe	Nonsynonymous	SNP	104039	104040	104041	1014	Leu
TypeD-4_H1	Common	True	3697	3698	3699	3697	3698	3699	att	atc	Ile	Ile	Synonymous	SNP	117079	117080	117081	1233	Ile
TypeD-4_H1	Common	True	3703	3704	3705	3703	3704	3705	atc	att	Ile	Ile	Synonymous	SNP	117085	117086	117087	1235	Ile
TypeD-4_H1	Common	True	3709	3710	3711	3709	3710	3711	gcg	gcc	Ala	Ala	Synonymous	SNP	117091	117092	117093	1237	Ala
TypeD-4_H1	Common	True	3754	3755	3756	3754	3755	3756	ttc	ttt	Phe	Phe	Synonymous	SNP	117136	117137	117138	1252	Phe
TypeD-4_H1	Common	True	5596	5597	5598	5596	5597	5598	gac	gat	Asp	Asp	Synonymous	SNP	176810	176811	176812	1866	Asp
TypeD-4_H1	Common	True	5656	5657	5658	5656	5657	5658	aga	cgc	Arg	Arg	Synonymous	MNP	176870	176871	176872	1886	Arg
TypeD-4_H1	Common	True	5677	5678	5679	5677	5678	5679	ttc	ttt	Phe	Phe	Synonymous	SNP	176891	176892	176893	1893	Phe
TypeD-4_H1	Common	True	6007	6008	6009	6007	6008	6009	gct	gat	Ala	Asp	Nonsynonymous	SNP	177221	177222	177223	2003	Ala
TypeD-4_H1	Common	True	6148	6149	6150	6148	6149	6150	gtc	gcc	Val	Ala	Nonsynonymous	SNP	177362	177363	177364	2054	Val
TypeD-4_H2	Common	True	1081	1082	1083	1081	1082	1083	gat	gac	Asp	Asp	Synonymous	SNP	61159	61160	61161	361	Asp
TypeD-4_H2	Common	True	1084	1085	1086	1084	1085	1086	tcg	tca	Ser	Ser	Synonymous	SNP	61162	61163	61164	362	Ser
TypeD-4_H2	Common	True	1108	1109	1110	1108	1109	1110	gcc	gcg	Ala	Ala	Synonymous	SNP	61186	61187	61188	370	Ala
TypeD-4_H2	Common	True	2539	2540	2541	2539	2540	2541	gca	gcg	Ala	Ala	Synonymous	SNP	96696	96697	96698	847	Ala
TypeD-4_H2	Common	True	2590	2591	2592	2590	2591	2592	cag	caa	Gln	Gln	Synonymous	SNP	96747	96748	96749	864	Gln
TypeD-4_H2	mRNAd	True	2752	2753	2754	2752	2753	2754	atg	acg	Met	Thr	Nonsynonymous	SNP	98021	98022	98023	918	Met
TypeD-4_H2	Common	True	2857	2858	2859	2857	2858	2859	gac	gat	Asp	Asp	Synonymous	SNP	97225	103857	103858	953	Asp
TypeD-4_H2	Common	True	3040	3041	3042	3040	3041	3042	ctt	ttt	Leu	Phe	Nonsynonymous	SNP	104039	104040	104041	1014	Leu
TypeD-4_H2	Common	True	3697	3698	3699	3697	3698	3699	att	atc	Ile	Ile	Synonymous	SNP	117079	117080	117081	1233	Ile
TypeD-4_H2	Common	True	3703	3704	3705	3703	3704	3705	atc	att	Ile	Ile	Synonymous	SNP	117085	117086	117087	1235	Ile
TypeD-4_H2	Common	True	3709	3710	3711	3709	3710	3711	gcg	gcc	Ala	Ala	Synonymous	SNP	117091	117092	117093	1237	Ala
TypeD-4_H2	Common	True	3754	3755	3756	3754	3755	3756	ttc	ttt	Phe	Phe	Synonymous	SNP	117136	117137	117138	1252	Phe
TypeD-4_H2	Common	True	5596	5597	5598	5596	5597	5598	gac	gat	Asp	Asp	Synonymous	SNP	176810	176811	176812	1866	Asp
TypeD-4_H2	Common	True	5656	5657	5658	5656	5657	5658	aga	cgc	Arg	Arg	Synonymous	MNP	176870	176871	176872	1886	Arg
TypeD-4_H2	Common	True	5677	5678	5679	5677	5678	5679	ttc	ttt	Phe	Phe	Synonymous	SNP	176891	176892	176893	1893	Phe
TypeD-4_H2	Common	True	6007	6008	6009	6007	6008	6009	gct	gat	Ala	Asp	Nonsynonymous	SNP	177221	177222	177223	2003	Ala
TypeD-4_H2	Common	True	6148	6149	6150	6148	6149	6150	gtc	gcc	Val	Ala	Nonsynonymous	SNP	177362	177363	177364	2054	Val
