	genome_pos1	1006	1024	1030	1051	1066	1069	1078	1081	1213	1321	1399	1414	1417	16195	16429	16513	16567	16639	16660	16672	16780	16813	16843	17006	17060	17072	17087	17090	17093	17147	17159	38161	57648	57660	57672	57705	57711	57735	57753	75644	78019	115695	115716	115728
	genome_pos2	1007	1025	1031	1052	1067	1070	1079	1082	1214	1322	1400	1415	1418	16196	16430	16514	16568	16640	16661	16673	16781	16814	16844	17007	17061	17073	17088	17091	17094	17148	17160	38162	57649	57661	57673	57706	57712	57736	57754	75645	78020	115696	115717	115729
	genome_pos3	1008	1026	1032	1053	1068	1071	1080	1083	1215	1323	1401	1416	1419	16197	16431	16515	16569	16641	16662	16674	16782	16815	16845	17008	17062	17074	17089	17092	17095	17149	17161	38163	57650	57662	57674	57707	57713	57737	57755	75646	78021	115697	115718	115730
	MdAA	Arg	Ile	Pro	Arg	Ser	Pro	Ser	Ser	Leu	Val	His	Ala	Thr	Ile	Asn	Ala	Val	Gly	Ala	Leu	Arg	Gly	Thr	Pro	Gln	Ser	Leu	Ser	Phe	Leu	Ala	Ala	Gln	Gly	Gly	Tyr	Gln	Ser	Phe	Arg	Tyr	Thr	Gln	Leu
	MdAA_pos	3	9	11	18	23	24	27	28	72	108	134	139	140	162	214	242	260	284	291	295	331	342	352	378	396	400	405	406	407	425	429	484	505	509	513	524	526	534	540	543	616	666	673	677
Reference	AA	Arg	Ile	Pro	Arg	Ser	Pro	Ser	Ser	Leu	Val	His	Ala	Thr	Ile	Asn	Ala	Val	Gly	Ala	Leu	Arg	Gly	Thr	Pro	Gln	Ser	Leu	Ser	Phe	Leu	Ala	Ala	Gln	Gly	Gly	Tyr	Gln	Ser	Phe	Arg	Tyr	Thr	Gln	Leu
Reference	Haplotype	cgg	ata	ccc	cgg	tcg	ccg	tcg	tct	ctg	gtg	cat	gca	acg	ata	aac	gct	gtc	ggc	gct	ctg	cgt	ggc	act	cca	caa	tca	ttg	agt	ttt	ctt	gca	gca	caa	ggc	gga	tac	caa	tca	ttc	cgc	tac	act	caa	ttg
Chubo-1	H1	...	Thr	Ser	...	...	...	...	...	---	---	---	...	---	...	...	---	...	...	---	...	...	...	---	...	---	...	---	...	...	---	---	...	...	...	---	...	---	...	...	...	...	Ala	Lys	...
Chubo-1	H2	---	...	Ser	...	...	...	...	Tyr	...	---	...	...	---	...	...	---	...	...	---	...	...	...	---	...	---	...	---	...	...	---	---	...	...	...	---	...	---	...	...	...	...	Ala	Lys	...
Chubo-2	H1	...	Thr	Ser	...	...	...	...	...	---	---	---	...	---	Met	...	---	Leu	...	---	---	...	Ala	---	...	...	---	---	...	Tyr	---	...	...	---	---	---	---	---	...	...	...	...	Ala	...	...
Chubo-2	H2	---	...	Ser	...	...	...	...	Tyr	...	---	...	...	---	...	...	---	...	...	---	...	...	...	---	...	---	...	---	...	...	---	---	...	...	...	---	...	---	...	...	...	...	Ala	Lys	...
Chubo-3	H1	...	Thr	Ser	Trp	...	...	...	Tyr	---	---	...	...	---	Met	...	---	Leu	...	---	---	...	Ala	---	...	...	---	---	...	Tyr	---	...	...	---	---	---	---	---	...	...	...	...	Ala	...	...
Chubo-3	H2	...	Thr	Ser	...	...	...	...	Tyr	---	---	...	...	---	...	...	---	...	...	---	...	...	...	---	...	---	...	---	...	...	---	---	...	...	...	---	...	---	...	...	...	...	Ala	Lys	...
Chubo-4	H1	---	...	Ser	...	...	...	...	Tyr	...	---	...	...	---	...	...	---	...	...	---	...	...	...	---	...	---	...	---	...	...	---	---	...	...	...	---	...	---	...	...	...	...	Ala	Lys	...
Chubo-4	H2	...	Thr	Ser	...	...	...	...	...	---	---	---	...	---	...	...	---	...	...	---	...	...	...	---	...	---	...	---	...	...	---	---	...	...	...	---	...	---	...	...	...	...	Ala	Lys	...
SRS-1	H1	...	...	Ser	...	...	...	...	...	...	---	...	...	---	...	...	...	...	...	---	...	...	...	---	...	...	...	---	---	...	---	...	...	...	...	---	...	---	---	...	...	...	Ala	...	...
SRS-1	H2	...	...	Ser	...	...	...	...	...	...	---	...	...	---	...	...	...	...	...	---	...	...	...	---	...	...	...	---	---	...	---	...	...	...	...	---	...	---	---	...	...	...	Ala	...	...
SRS-3	H1	...	...	Ser	...	...	...	...	...	...	---	...	...	---	...	...	...	...	...	---	...	...	...	---	...	...	...	---	---	...	---	...	...	...	...	---	...	---	---	...	...	...	Ala	...	...
SRS-3	H2	...	...	...	...	...	...	...	...	...	...	...	...	...	...	...	...	...	...	...	...	...	...	...	...	...	...	...	...	...	...	...	...	...	...	...	...	...	...	...	...	...	...	...	...
SRS-4	H1	...	...	Ser	...	...	...	...	...	...	---	...	...	---	...	...	...	...	...	---	...	...	...	---	...	...	...	---	---	...	---	...	...	...	...	---	...	---	---	...	...	...	Ala	...	...
SRS-4	H2	...	...	Ser	...	...	...	...	...	...	---	...	...	---	...	...	...	...	...	---	...	...	...	---	...	...	...	---	---	...	---	...	...	...	...	---	...	---	---	...	...	...	Ala	...	...
Takatsuki-1	H1	...	...	Ser	...	...	...	...	...	...	---	...	---	---	...	---	...	...	...	---	---	---	...	---	---	...	...	---	...	...	---	...	---	...	...	---	...	---	...	---	...	---	Ala	...	Val
Takatsuki-1	H2	...	...	Ser	...	Pro	Ser	Leu	...	...	---	...	---	---	...	---	...	...	...	---	---	---	...	---	---	...	...	---	...	...	---	...	---	...	...	---	...	---	...	---	...	---	Ala	...	Val
Takatsuki-2	H1	...	...	Ser	...	Pro	...	...	...	---	---	...	...	---	Met	...	---	Leu	...	---	---	...	Ala	---	...	...	---	---	...	Tyr	---	...	...	---	---	---	---	---	...	...	...	...	Ala	...	...
Takatsuki-2	H2	...	Thr	Ser	...	...	...	...	Tyr	...	---	...	...	...	Met	...	---	...	---	---	...	...	Val	---	...	...	...	---	...	Tyr	---	...	...	...	...	---	...	---	...	...	---	...	Ala	...	...
Takatsuki-3	H1	...	...	Ser	...	Pro	...	...	...	---	---	...	...	---	...	...	...	Leu	...	---	---	---	...	---	...	...	...	---	...	Tyr	---	...	...	---	---	---	---	---	...	...	---	...	Ala	...	...
Takatsuki-3	H2	...	Thr	Ser	...	...	...	...	Tyr	...	---	...	...	...	Met	---	---	...	---	---	...	...	Val	---	---	...	---	---	...	...	---	...	...	...	...	---	...	---	...	...	...	...	Ala	...	Val
Takatsuki-4	H1	...	...	Ser	...	...	...	...	...	...	---	...	---	---	...	---	...	...	...	---	---	---	...	---	---	...	...	---	...	...	---	...	...	...	...	---	...	---	...	...	...	...	Ala	...	Val
Takatsuki-4	H2	...	...	Ser	...	...	...	...	...	...	---	...	---	---	...	---	...	...	...	---	---	---	...	---	---	...	...	---	...	...	---	...	---	...	...	---	...	---	...	---	...	---	Ala	...	Val
TypeD-1	H1	...	...	...	...	...	...	...	...	...	...	...	...	...	...	...	---	...	...	---	...	...	...	...	...	...	...	...	...	...	...	...	...	...	---	---	...	---	...	...	...	...	...	...	...
TypeD-1	H2	...	...	...	...	...	...	...	...	...	...	...	...	...	...	...	...	...	...	...	...	...	...	...	...	...	...	...	...	...	...	...	...	...	...	...	...	...	...	...	...	...	...	...	...
TypeD-3	H1	...	...	...	...	...	...	...	...	...	...	...	...	...	...	...	---	...	...	---	...	...	...	...	...	...	...	...	...	...	...	...	...	...	---	---	...	---	...	...	...	...	...	...	...
TypeD-3	H2	...	...	...	...	...	...	...	...	...	...	...	...	...	...	...	---	...	...	---	...	...	...	...	...	...	...	...	...	...	...	...	...	...	---	---	...	---	...	...	...	...	...	...	...
TypeD-4	H1	...	...	...	...	...	...	...	...	...	...	...	...	...	...	...	...	...	...	...	...	...	...	...	...	...	...	...	...	...	...	...	...	...	...	...	...	...	...	...	...	...	...	...	...
TypeD-4	H2	...	...	...	...	...	...	...	...	...	...	...	...	...	...	...	---	...	...	---	...	...	...	...	...	...	...	...	...	...	...	...	...	...	---	---	...	---	...	...	...	...	...	...	...
