	genome_pos1	1108	29856	61099	61159	61162	61186	61393	62434	62446	79162	82699	96407	96410	96461	96479	96512	96524	96542	96608	96696	96732	96747	96759	96774	97129	97216	97225	97973	98021	103919	103976	104039	114476	117079	117085	117091	117121	117136	118230	118308	146408	146426	176810	176813	176855	176870	176891	177014	177074	177221	177233	177266	177281	177287	177302	177326	177344	177362
	genome_pos2	1109	29857	61100	61160	61163	61187	61394	62435	62447	79163	82700	96408	96411	96462	96480	96513	96525	96543	96609	96697	96733	96748	96760	96775	97130	97217	103857	97974	98022	103920	103977	104040	114477	117080	117086	117092	117122	117137	118231	118309	146409	146427	176811	176814	176856	176871	176892	177015	177075	177222	177234	177267	177282	177288	177303	177327	177345	177363
	genome_pos3	1110	29858	61101	61161	61164	61188	61395	62436	62448	79164	82701	96409	96412	96463	96481	96514	96526	96544	96610	96698	96734	96749	96761	96776	97131	97218	103858	97975	98023	103921	103978	104041	114478	117081	117087	117093	117123	117138	118232	118310	146410	146428	176812	176815	176857	176872	176893	177016	177076	177223	177235	177268	177283	177289	177304	177328	177346	177364
	MdAA	Gln	Leu	Glu	Asp	Ser	Ala	Ile	Lys	Ser	Asp	Asp	Tyr	Ile	Leu	Val	Leu	Leu	Thr	Asn	Ala	Pro	Gln	Asn	Ile	Thr	Asn	Asp	Phe	Met	Ser	Cys	Leu	Lys	Ile	Ile	Ala	Tyr	Phe	Leu	Val	Trp	Asn	Asp	Tyr	Gly	Arg	Phe	Thr	Ile	Ala	Asp	Ser	Gly	Asp	Thr	Ser	Glu	Val
	MdAA_pos	37	125	341	361	362	370	439	505	509	599	707	772	773	790	796	807	811	817	839	847	859	864	868	873	921	950	953	902	918	974	993	1014	1130	1233	1235	1237	1247	1252	1323	1349	1473	1479	1866	1867	1881	1886	1893	1934	1954	2003	2007	2018	2023	2025	2030	2042	2048	2054
Reference	AA	Gln	Leu	Glu	Asp	Ser	Ala	Ile	Lys	Ser	Asp	Asp	Tyr	Ile	Leu	Val	Leu	Leu	Thr	Asn	Ala	Pro	Gln	Asn	Ile	Thr	Asn	Asp	Phe	Met	Ser	Cys	Leu	Lys	Ile	Ile	Ala	Tyr	Phe	Leu	Val	Trp	Asn	Asp	Tyr	Gly	Arg	Phe	Thr	Ile	Ala	Asp	Ser	Gly	Asp	Thr	Thr	Glu	Val
Reference	Haplotype	caa	ctt	gaa	gat	tcg	gcc	ata	aaa	tcg	gat	gat	tat	atc	ttg	gtg	ctc	ctg	acg	aac	gca	ccg	cag	aac	att	aca	aac	gac	ttc	atg	agc	tgc	ctt	aag	att	atc	gcg	tat	ttc	ctg	gtt	tgg	aac	gac	tac	ggc	aga	ttc	acc	ata	gct	gat	agc	ggt	gat	acg	aca	gaa	gtc
Chubo-1	H1	...	---	...	---	---	---	---	---	...	...	---	...	...	---	---	...	...	---	...	...	...	...	...	...	...	...	...	...	Thr	...	...	Phe	---	---	---	---	...	...	...	---	...	...	---	...	---	...	...	...	---	...	...	...	...	...	Ala	Ser	...	...
Chubo-1	H2	...	---	...	---	---	---	---	---	...	...	---	...	...	---	---	...	...	---	...	...	...	...	...	...	...	...	...	...	Thr	...	...	Phe	---	---	---	---	...	...	...	---	...	...	---	...	---	...	...	...	---	...	...	...	...	...	Ala	Ser	...	...
Chubo-2	H1	---	---	---	...	---	---	...	...	---	...	---	...	...	---	---	...	...	---	...	...	...	...	...	...	...	...	...	...	Thr	...	...	Phe	---	---	---	---	---	...	...	...	...	---	---	...	...	---	...	...	---	...	Glu	...	...	...	Ala	Ser	...	...
Chubo-2	H2	...	---	...	---	---	---	---	---	...	---	---	...	...	---	---	...	...	---	...	---	...	...	...	...	...	...	...	...	...	...	...	...	---	---	---	---	...	...	...	---	...	...	---	...	---	...	...	...	---	...	...	---	...	...	...	Ser	---	...
Chubo-3	H1	...	---	...	---	---	---	---	---	...	...	---	...	...	---	---	...	...	---	...	...	...	...	...	...	...	...	...	...	Thr	...	...	Phe	---	---	---	---	...	...	...	---	...	...	---	...	---	...	...	...	---	...	...	...	...	...	Ala	Ser	...	...
Chubo-3	H2	...	---	...	---	---	---	---	---	...	...	---	...	...	---	---	...	...	---	...	...	...	...	...	...	...	...	...	...	Thr	...	...	Phe	---	---	---	---	...	...	...	---	...	...	---	...	---	...	...	...	---	...	...	...	...	...	Ala	Ser	...	...
Chubo-4	H1	...	---	...	---	---	---	---	---	...	...	---	...	...	---	---	...	...	---	...	...	...	...	...	...	...	...	...	...	Thr	...	...	Phe	---	---	---	---	...	...	...	---	...	...	---	...	---	...	...	...	---	...	...	...	...	...	Ala	Ser	...	...
Chubo-4	H2	...	---	...	---	---	---	---	---	...	...	---	...	...	---	---	...	...	---	...	...	...	...	...	...	...	...	...	...	Thr	...	...	Phe	---	---	---	---	...	...	...	---	Cys	...	---	...	---	...	...	...	---	...	...	...	...	...	Ala	Ser	...	...
SRS-1	H1	...	---	...	...	---	---	---	...	---	...	...	---	...	...	...	...	...	...	---	---	...	...	...	...	...	---	...	...	...	...	---	...	---	---	---	---	...	...	...	---	...	...	...	---	---	...	...	...	---	...	...	...	Asp	...	...	...	...	Ala
SRS-1	H2	...	---	...	...	---	---	---	...	---	...	...	---	...	...	...	...	...	...	---	---	...	...	...	...	...	---	...	...	...	...	---	...	---	---	---	---	...	...	...	---	...	...	...	---	---	...	...	...	---	...	...	...	Asp	...	...	...	...	Ala
SRS-2	H1	...	---	...	...	---	---	---	...	---	...	...	---	...	...	...	...	...	...	---	---	...	...	...	...	...	---	...	...	...	...	---	...	---	---	---	---	...	...	...	---	...	...	...	---	---	...	...	...	---	...	...	...	Asp	...	...	...	...	Ala
SRS-2	H2	...	---	...	...	---	---	---	...	---	...	...	---	...	...	...	...	...	...	---	---	...	...	...	...	...	---	...	...	...	...	---	...	---	---	---	---	...	...	...	---	...	...	...	---	---	...	...	...	---	...	...	...	Asp	...	...	...	...	Ala
SRS-3	H1	...	---	...	...	---	---	---	...	---	...	...	---	---	...	...	...	---	...	...	...	...	...	...	...	...	...	...	...	...	...	---	...	---	...	...	...	...	---	...	...	...	...	...	...	...	...	...	---	---	...	...	...	...	...	...	...	...	Ala
SRS-3	H2	...	...	...	---	---	---	---	...	---	...	---	...	...	...	...	...	...	---	---	---	...	...	...	---	...	---	...	...	...	...	---	...	---	---	---	---	...	...	...	---	...	...	---	---	---	...	...	...	---	...	...	...	Asp	...	Ala	Ser	...	...
SRS-4	H1	...	---	...	...	---	---	---	...	---	...	...	---	---	...	...	...	---	...	...	...	...	...	...	...	...	...	...	...	...	...	---	...	---	...	...	...	...	---	...	...	...	...	...	...	...	...	...	---	---	...	...	...	...	...	...	...	...	Ala
SRS-4	H2	...	...	...	---	---	---	---	...	---	...	---	...	...	...	...	...	...	---	---	---	...	...	...	---	...	---	...	...	...	...	---	...	---	---	---	---	...	...	...	---	...	...	---	---	---	...	...	...	---	...	...	...	Asp	...	Ala	Ser	...	...
Takatsuki-1	H1	...	---	...	...	---	---	...	...	---	...	---	...	...	---	---	...	...	...	...	...	...	...	...	---	...	...	...	...	...	...	...	...	---	---	---	...	...	...	...	...	...	...	---	...	...	---	...	...	---	...	...	...	...	Glu	...	Pro	...	...
Takatsuki-1	H2	...	---	...	...	---	---	...	...	---	---	---	...	...	...	...	---	...	---	...	...	---	...	---	...	---	...	...	---	...	---	...	...	---	---	---	...	...	...	---	...	...	...	---	...	...	---	...	...	---	...	...	...	...	...	...	...	---	...
Takatsuki-2	H1	...	---	...	...	---	---	...	...	---	---	---	...	...	...	...	...	...	---	...	...	...	...	---	---	---	...	...	---	...	---	...	...	---	---	---	...	...	...	...	...	...	...	---	...	...	---	...	...	---	...	...	...	...	...	...	...	---	...
Takatsuki-2	H2	...	---	...	---	---	---	---	---	...	...	---	...	...	---	---	...	...	---	...	...	...	...	...	...	...	...	...	...	Thr	...	...	Phe	---	---	---	---	...	...	...	---	...	...	---	...	---	...	...	...	---	...	...	...	...	...	Ala	Ser	...	...
Takatsuki-3	H1	...	---	...	...	---	---	...	...	---	---	---	...	...	...	...	...	...	---	...	...	...	...	---	---	---	...	...	---	...	---	...	...	---	---	---	...	...	...	...	...	...	...	---	...	...	---	...	...	---	...	...	...	...	...	...	...	---	...
Takatsuki-3	H2	...	---	...	...	---	---	...	...	---	---	---	...	...	...	...	...	...	---	...	...	...	...	---	---	---	...	...	---	...	---	...	...	---	---	---	...	...	...	...	...	...	...	---	...	...	---	...	...	---	...	...	...	...	...	...	...	---	...
Takatsuki-4	H1	...	---	...	---	---	---	---	---	...	...	---	...	...	---	---	...	...	---	...	...	...	...	...	...	...	...	...	...	Thr	...	...	Phe	---	---	---	---	...	...	...	---	...	...	---	...	---	...	...	...	---	...	...	...	...	...	Ala	Ser	...	...
Takatsuki-4	H2	...	---	...	---	---	---	---	---	...	...	---	...	...	---	---	...	...	---	...	...	...	...	...	...	...	...	...	...	Thr	...	...	Phe	---	---	---	---	...	...	...	---	...	...	---	...	---	...	...	...	---	...	...	...	...	...	Ala	Ser	...	...
TypeD-1	H1	...	...	...	---	---	---	...	...	...	...	...	...	...	...	...	...	...	...	...	---	...	---	...	...	...	...	---	...	Thr	...	...	Phe	...	---	---	---	...	---	...	...	...	...	---	...	...	---	---	...	...	Asp	...	...	...	...	...	...	...	Ala
TypeD-1	H2	...	...	...	---	---	---	...	...	...	...	...	...	...	...	...	...	...	...	...	---	...	---	...	...	...	...	---	...	Thr	...	...	Phe	...	---	---	---	...	---	...	...	...	...	---	...	...	---	---	...	...	Asp	...	...	...	...	...	...	...	Ala
TypeD-2	H1	...	...	...	---	---	---	...	...	...	...	...	...	...	...	...	...	...	...	...	---	...	---	...	...	...	...	---	...	Thr	...	...	Phe	...	---	---	---	...	---	...	...	...	...	---	...	...	---	---	...	...	Asp	...	...	...	...	...	...	...	Ala
TypeD-2	H2	...	...	...	---	---	---	...	...	...	...	...	...	...	...	...	...	...	...	...	---	...	---	...	...	...	...	---	...	Thr	...	...	Phe	...	---	---	---	...	---	...	...	...	...	---	...	...	---	---	...	...	Asp	...	...	...	...	...	...	...	Ala
TypeD-3	H1	...	...	...	---	---	---	...	...	...	...	...	...	...	...	...	...	...	...	...	---	...	---	...	...	...	...	---	...	Thr	...	...	Phe	...	---	---	---	...	---	...	...	...	...	---	...	...	---	---	...	...	Asp	...	...	...	...	...	...	...	Ala
TypeD-3	H2	...	...	...	---	---	---	...	...	...	...	...	...	...	...	...	...	...	...	...	---	...	---	...	...	...	...	---	...	Thr	...	...	Phe	...	---	---	---	...	---	...	...	...	...	---	...	...	---	---	...	...	Asp	...	...	...	...	...	...	...	Ala
TypeD-4	H1	...	...	...	---	---	---	...	...	...	...	...	...	...	...	...	...	...	...	...	---	...	---	...	...	...	...	---	...	Thr	...	...	Phe	...	---	---	---	...	---	...	...	...	...	---	...	...	---	---	...	...	Asp	...	...	...	...	...	...	...	Ala
TypeD-4	H2	...	...	...	---	---	---	...	...	...	...	...	...	...	...	...	...	...	...	...	---	...	---	...	...	...	...	---	...	Thr	...	...	Phe	...	---	---	---	...	---	...	...	...	...	---	...	...	---	---	...	...	Asp	...	...	...	...	...	...	...	Ala
